"Question","Scenario","term","p.value","q_value","Status"
"Q1","MedicalSimple","EXPLNUnsubstantial",0.586733966078239,0.586733966078239,""
"Q1","MedicalSimple","EXPLNHardware",0.580281043234864,0.615105497583744,""
"Q1","MedicalSimple","EXPLNTrust",0.696911780351635,0.778201056600887,""
"Q1","MedicalSimple","FAQHide",0.992767607736818,0.996477409954109,""
"Q1","MedicalSimple","FAQShow",0.4240386977537,0.821089613352275,""
"Q1","MedicalSimple","combined_Medical_ExperienceTRUE",0.118406066596113,0.236812133192227,""
"Q1","MedicalSimple","combined_CS_ExperienceTRUE",0.199312901113285,0.265750534817714,""
"Q1","MedicalComplex","EXPLNUnsubstantial",0.282515869364371,0.565031738728741,""
"Q1","MedicalComplex","EXPLNHardware",0.174913523932507,0.615105497583744,""
"Q1","MedicalComplex","EXPLNTrust",0.778201056600887,0.778201056600887,""
"Q1","MedicalComplex","FAQHide",0.996477409954109,0.996477409954109,""
"Q1","MedicalComplex","FAQShow",0.615817210014206,0.821089613352275,""
"Q1","MedicalComplex","combined_Medical_ExperienceTRUE",0.365601471398928,0.365601471398928,""
"Q1","MedicalComplex","combined_CS_ExperienceTRUE",0.435942035033324,0.435942035033324,""
"Q1","IoTSimple","EXPLNUnsubstantial",0.200727150211971,0.565031738728741,""
"Q1","IoTSimple","EXPLNHardware",0.307953652440308,0.615105497583744,""
"Q1","IoTSimple","EXPLNTrust",0.623384943578798,0.778201056600887,""
"Q1","IoTSimple","FAQHide",0.292316046724419,0.996477409954109,""
"Q1","IoTSimple","FAQShow",0.140313230541886,0.561252922167544,""
"Q1","IoTSimple","combined_IoT_ExperienceTRUE",0.61024853162248,0.61024853162248,""
"Q1","IoTSimple","combined_CS_ExperienceTRUE",0.122853646822555,0.245707293645111,""
"Q1","IoTComplex","EXPLNUnsubstantial",0.484226608564246,0.586733966078239,""
"Q1","IoTComplex","EXPLNHardware",0.615105497583744,0.615105497583744,""
"Q1","IoTComplex","EXPLNTrust",0.492020142835456,0.778201056600887,""
"Q1","IoTComplex","FAQHide",0.963401718795946,0.996477409954109,""
"Q1","IoTComplex","FAQShow",0.84769061408073,0.84769061408073,""
"Q1","IoTComplex","combined_IoT_ExperienceTRUE",0.197104689130777,0.394209378261554,""
"Q1","IoTComplex","combined_CS_ExperienceTRUE",0.091882430741793,0.245707293645111,""
"Q2","MedicalSimple","EXPLNUnsubstantial",0.163614340065656,0.327228680131312,""
"Q2","MedicalSimple","EXPLNHardware",0.796039608194413,0.796039608194413,""
"Q2","MedicalSimple","EXPLNTrust",0.0421959338790096,0.168783735516038,"Lost significance"
"Q2","MedicalSimple","FAQHide",0.616434986955398,0.766221386199202,""
"Q2","MedicalSimple","FAQShow",0.196150706359893,0.196150706359893,""
"Q2","MedicalSimple","combined_Medical_ExperienceTRUE",0.143055029109377,0.235088331967913,""
"Q2","MedicalSimple","combined_CS_ExperienceTRUE",0.887642606514486,0.887642606514486,""
"Q2","MedicalComplex","EXPLNUnsubstantial",0.464230141917823,0.618973522557097,""
"Q2","MedicalComplex","EXPLNHardware",0.120428485006225,0.333004253980701,""
"Q2","MedicalComplex","EXPLNTrust",0.70290115685019,0.915423843930502,""
"Q2","MedicalComplex","FAQHide",0.0808775552155557,0.323510220862223,""
"Q2","MedicalComplex","FAQShow",0.0100294625725361,0.0401178502901445,"Stayed significant"
"Q2","MedicalComplex","combined_Medical_ExperienceTRUE",0.235088331967913,0.235088331967913,""
"Q2","MedicalComplex","combined_CS_ExperienceTRUE",0.766310712034526,0.887642606514486,""
"Q2","IoTSimple","EXPLNUnsubstantial",0.998015471885161,0.998015471885161,""
"Q2","IoTSimple","EXPLNHardware",0.40475458030784,0.539672773743786,""
"Q2","IoTSimple","EXPLNTrust",0.565858350630334,0.915423843930502,""
"Q2","IoTSimple","FAQHide",0.766221386199202,0.766221386199202,""
"Q2","IoTSimple","FAQShow",0.0918463535121872,0.150330735210679,""
"Q2","IoTSimple","combined_IoT_ExperienceTRUE",0.980754881001687,0.980754881001687,""
"Q2","IoTSimple","combined_CS_ExperienceTRUE",0.697162553395122,0.887642606514486,""
"Q2","IoTComplex","EXPLNUnsubstantial",0.100164086521882,0.327228680131312,""
"Q2","IoTComplex","EXPLNHardware",0.16650212699035,0.333004253980701,""
"Q2","IoTComplex","EXPLNTrust",0.915423843930502,0.915423843930502,""
"Q2","IoTComplex","FAQHide",0.697696126261351,0.766221386199202,""
"Q2","IoTComplex","FAQShow",0.112748051408009,0.150330735210679,""
"Q2","IoTComplex","combined_IoT_ExperienceTRUE",0.082764664854444,0.165529329708888,""
"Q2","IoTComplex","combined_CS_ExperienceTRUE",0.11439105704191,0.457564228167642,""
"Q3","MedicalSimple","EXPLNUnsubstantial",0.0436628195380996,0.0758934013252756,"Lost significance"
"Q3","MedicalSimple","EXPLNHardware",0.0315689321863133,0.0420919095817511,"Stayed significant"
"Q3","MedicalSimple","EXPLNTrust",0.00245755646235229,0.00983022584940917,"Stayed significant"
"Q3","MedicalSimple","FAQHide",0.00196586207948906,0.00786344831795625,"Stayed significant"
"Q3","MedicalSimple","FAQShow",0.274834947485675,0.54966989497135,""
"Q3","MedicalSimple","combined_Medical_ExperienceTRUE",0.699490874352263,0.699490874352263,""
"Q3","MedicalSimple","combined_CS_ExperienceTRUE",0.793501757701752,0.793501757701752,""
"Q3","MedicalComplex","EXPLNUnsubstantial",0.168380722483528,0.168380722483528,""
"Q3","MedicalComplex","EXPLNHardware",0.0448898998573609,0.0448898998573609,"Stayed significant"
"Q3","MedicalComplex","EXPLNTrust",0.18343344505615,0.18343344505615,""
"Q3","MedicalComplex","FAQHide",0.686726274490936,0.849297407892061,""
"Q3","MedicalComplex","FAQShow",0.71443027180913,0.718712100573695,""
"Q3","MedicalComplex","combined_Medical_ExperienceTRUE",0.266508715381469,0.533017430762938,""
"Q3","MedicalComplex","combined_CS_ExperienceTRUE",0.160737839654912,0.321475679309823,""
"Q3","IoTSimple","EXPLNUnsubstantial",0.0569200509939567,0.0758934013252756,""
"Q3","IoTSimple","EXPLNHardware",0.0195306787199937,0.0390613574399874,"Stayed significant"
"Q3","IoTSimple","EXPLNTrust",0.125081192002247,0.166774922669663,""
"Q3","IoTSimple","FAQHide",0.765891216062901,0.849297407892061,""
"Q3","IoTSimple","FAQShow",0.718712100573695,0.718712100573695,""
"Q3","IoTSimple","combined_IoT_ExperienceTRUE",0.114093971756988,0.228187943513977,""
"Q3","IoTSimple","combined_CS_ExperienceTRUE",0.109148842084124,0.321475679309823,""
"Q3","IoTComplex","EXPLNUnsubstantial",0.00204895669874548,0.0081958267949819,"Stayed significant"
"Q3","IoTComplex","EXPLNHardware",0.00731705999853767,0.0292682399941507,"Stayed significant"
"Q3","IoTComplex","EXPLNTrust",0.00519020059450629,0.0103804011890126,"Stayed significant"
"Q3","IoTComplex","FAQHide",0.849297407892061,0.849297407892061,""
"Q3","IoTComplex","FAQShow",0.0186300249052538,0.074520099621015,"Lost significance"
"Q3","IoTComplex","combined_IoT_ExperienceTRUE",0.542632120838816,0.542632120838816,""
"Q3","IoTComplex","combined_CS_ExperienceTRUE",0.323746473206048,0.43166196427473,""
"Q4","MedicalSimple","EXPLNUnsubstantial",0.0725692200575755,0.0725692200575755,""
"Q4","MedicalSimple","EXPLNHardware",0.00495598701895092,0.0152837333966945,"Stayed significant"
"Q4","MedicalSimple","EXPLNTrust",0.0235924253423071,0.0471848506846143,"Stayed significant"
"Q4","MedicalSimple","FAQHide",0.391427294447391,0.668432917223692,""
"Q4","MedicalSimple","FAQShow",0.0770235882340345,0.308094352936138,""
"Q4","MedicalSimple","combined_Medical_ExperienceTRUE",0.0919177954260238,0.0919177954260238,""
"Q4","MedicalSimple","combined_CS_ExperienceTRUE",0.410898625493657,0.410898625493657,""
"Q4","MedicalComplex","EXPLNUnsubstantial",0.00627593614695852,0.0150014638785913,"Stayed significant"
"Q4","MedicalComplex","EXPLNHardware",0.0282353581276227,0.0282353581276227,"Stayed significant"
"Q4","MedicalComplex","EXPLNTrust",0.0186425667373073,0.0471848506846143,"Stayed significant"
"Q4","MedicalComplex","FAQHide",0.58628121531187,0.668432917223692,""
"Q4","MedicalComplex","FAQShow",0.500748868685462,0.607874849237962,""
"Q4","MedicalComplex","combined_Medical_ExperienceTRUE",0.016673966113227,0.033347932226454,"Stayed significant"
"Q4","MedicalComplex","combined_CS_ExperienceTRUE",0.0048579662855175,0.01943186514207,"Stayed significant"
"Q4","IoTSimple","EXPLNUnsubstantial",0.0112510979089435,0.0150014638785913,"Stayed significant"
"Q4","IoTSimple","EXPLNHardware",0.0132631620165799,0.0176842160221065,"Stayed significant"
"Q4","IoTSimple","EXPLNTrust",0.0796054215351377,0.0796054215351377,""
"Q4","IoTSimple","FAQHide",0.379682816771037,0.668432917223692,""
"Q4","IoTSimple","FAQShow",0.607874849237962,0.607874849237962,""
"Q4","IoTSimple","combined_IoT_ExperienceTRUE",0.0822077994323908,0.164415598864782,""
"Q4","IoTSimple","combined_CS_ExperienceTRUE",0.074925281577909,0.110716902926453,""
"Q4","IoTComplex","EXPLNUnsubstantial",0.011002467199159,0.0150014638785913,"Stayed significant"
"Q4","IoTComplex","EXPLNHardware",0.00764186669834726,0.0152837333966945,"Stayed significant"
"Q4","IoTComplex","EXPLNTrust",0.0363123149479275,0.04841641993057,"Stayed significant"
"Q4","IoTComplex","FAQHide",0.668432917223692,0.668432917223692,""
"Q4","IoTComplex","FAQShow",0.514207970381999,0.607874849237962,""
"Q4","IoTComplex","combined_IoT_ExperienceTRUE",0.249410271442468,0.249410271442468,""
"Q4","IoTComplex","combined_CS_ExperienceTRUE",0.0830376771948399,0.110716902926453,""
"Q5","MedicalSimple","EXPLNUnsubstantial",0.0506416770446472,0.202566708178589,""
"Q5","MedicalSimple","EXPLNHardware",0.372218487238454,0.672516501484479,""
"Q5","MedicalSimple","EXPLNTrust",0.5247254402355,0.5247254402355,""
"Q5","MedicalSimple","FAQHide",0.697680750253543,0.781487214259984,""
"Q5","MedicalSimple","FAQShow",0.591980137127841,0.591980137127841,""
"Q5","MedicalSimple","combined_Medical_ExperienceTRUE",0.0973771682859066,0.194754336571813,""
"Q5","MedicalSimple","combined_CS_ExperienceTRUE",0.477886923118844,0.680942251245279,""
"Q5","MedicalComplex","EXPLNUnsubstantial",0.165588878245257,0.220785170993676,""
"Q5","MedicalComplex","EXPLNHardware",0.12686128979542,0.507445159181681,""
"Q5","MedicalComplex","EXPLNTrust",0.0456426741474731,0.182570696589892,"Lost significance"
"Q5","MedicalComplex","FAQHide",0.0393542551421805,0.157417020568722,"Lost significance"
"Q5","MedicalComplex","FAQShow",0.477649497033206,0.591980137127841,""
"Q5","MedicalComplex","combined_Medical_ExperienceTRUE",0.216232080847556,0.216232080847556,""
"Q5","MedicalComplex","combined_CS_ExperienceTRUE",0.0804752758004379,0.321901103201752,""
"Q5","IoTSimple","EXPLNUnsubstantial",0.911084750964666,0.911084750964666,""
"Q5","IoTSimple","EXPLNHardware",0.504387376113359,0.672516501484479,""
"Q5","IoTSimple","EXPLNTrust",0.290608420808167,0.443843004844137,""
"Q5","IoTSimple","FAQHide",0.781487214259984,0.781487214259984,""
"Q5","IoTSimple","FAQShow",0.25694604558409,0.569425383690758,""
"Q5","IoTSimple","combined_IoT_ExperienceTRUE",0.943898934434528,0.943898934434528,""
"Q5","IoTSimple","combined_CS_ExperienceTRUE",0.607053817077457,0.680942251245279,""
"Q5","IoTComplex","EXPLNUnsubstantial",0.137114371401709,0.220785170993676,""
"Q5","IoTComplex","EXPLNHardware",0.926010687666093,0.926010687666093,""
"Q5","IoTComplex","EXPLNTrust",0.332882253633102,0.443843004844137,""
"Q5","IoTComplex","FAQHide",0.588912197843888,0.781487214259984,""
"Q5","IoTComplex","FAQShow",0.284712691845379,0.569425383690758,""
"Q5","IoTComplex","combined_IoT_ExperienceTRUE",0.207772019775339,0.415544039550677,""
"Q5","IoTComplex","combined_CS_ExperienceTRUE",0.680942251245279,0.680942251245279,""
"Q6","MedicalSimple","EXPLNUnsubstantial",0.511556662075303,0.921620096448783,""
"Q6","MedicalSimple","EXPLNHardware",0.63053469366522,0.9692978196658,""
"Q6","MedicalSimple","EXPLNTrust",0.837415875034957,0.837415875034957,""
"Q6","MedicalSimple","FAQHide",0.170342149154118,0.42843519677389,""
"Q6","MedicalSimple","FAQShow",0.0536282025487009,0.107256405097402,""
"Q6","MedicalSimple","combined_Medical_ExperienceTRUE",0.92258010904711,0.92258010904711,""
"Q6","MedicalSimple","combined_CS_ExperienceTRUE",0.819612694667459,0.942020335975256,""
"Q6","MedicalComplex","EXPLNUnsubstantial",0.0692044463688211,0.276817785475284,""
"Q6","MedicalComplex","EXPLNHardware",0.259401714660908,0.9692978196658,""
"Q6","MedicalComplex","EXPLNTrust",0.212012031842578,0.559281036816213,""
"Q6","MedicalComplex","FAQHide",0.321126590284866,0.42843519677389,""
"Q6","MedicalComplex","FAQShow",0.112274452457586,0.149699269943447,""
"Q6","MedicalComplex","combined_Medical_ExperienceTRUE",0.578593266953309,0.92258010904711,""
"Q6","MedicalComplex","combined_CS_ExperienceTRUE",0.942020335975256,0.942020335975256,""
"Q6","IoTSimple","EXPLNUnsubstantial",0.691215072336587,0.921620096448783,""
"Q6","IoTSimple","EXPLNHardware",0.9692978196658,0.9692978196658,""
"Q6","IoTSimple","EXPLNTrust",0.321104821691059,0.559281036816213,""
"Q6","IoTSimple","FAQHide",0.900205581093798,0.900205581093798,""
"Q6","IoTSimple","FAQShow",0.0529285205819176,0.107256405097402,""
"Q6","IoTSimple","combined_IoT_ExperienceTRUE",0.969807681977094,0.969807681977094,""
"Q6","IoTSimple","combined_CS_ExperienceTRUE",0.649868202670309,0.942020335975256,""
"Q6","IoTComplex","EXPLNUnsubstantial",0.978373409543764,0.978373409543764,""
"Q6","IoTComplex","EXPLNHardware",0.821564280494209,0.9692978196658,""
"Q6","IoTComplex","EXPLNTrust",0.41946077761216,0.559281036816213,""
"Q6","IoTComplex","FAQHide",0.321326397580417,0.42843519677389,""
"Q6","IoTComplex","FAQShow",0.452390878057657,0.452390878057657,""
"Q6","IoTComplex","combined_IoT_ExperienceTRUE",0.194252658932141,0.388505317864282,""
"Q6","IoTComplex","combined_CS_ExperienceTRUE",0.609255153876247,0.942020335975256,""
"Q7","MedicalSimple","EXPLNUnsubstantial",0.962841786282209,0.962841786282209,""
"Q7","MedicalSimple","EXPLNHardware",0.744359327328165,0.779302459914265,""
"Q7","MedicalSimple","EXPLNTrust",0.590501174920875,0.590501174920875,""
"Q7","MedicalSimple","FAQHide",0.730904759705946,0.822247491260122,""
"Q7","MedicalSimple","FAQShow",0.343933194906959,0.343933194906959,""
"Q7","MedicalSimple","combined_Medical_ExperienceTRUE",0.150848729329892,0.218826572754557,""
"Q7","MedicalSimple","combined_CS_ExperienceTRUE",0.55165927687882,0.592243977465827,""
"Q7","MedicalComplex","EXPLNUnsubstantial",0.610546354906934,0.958559670368941,""
"Q7","MedicalComplex","EXPLNHardware",0.368668862570853,0.737337725141707,""
"Q7","MedicalComplex","EXPLNTrust",0.51830352252945,0.590501174920875,""
"Q7","MedicalComplex","FAQHide",0.00674621533980033,0.0269848613592013,"Stayed significant"
"Q7","MedicalComplex","FAQShow",0.123739608301042,0.247479216602083,""
"Q7","MedicalComplex","combined_Medical_ExperienceTRUE",0.218826572754557,0.218826572754557,""
"Q7","MedicalComplex","combined_CS_ExperienceTRUE",0.19592500696521,0.39185001393042,""
"Q7","IoTSimple","EXPLNUnsubstantial",0.698373689870497,0.958559670368941,""
"Q7","IoTSimple","EXPLNHardware",0.278167839542119,0.737337725141707,""
"Q7","IoTSimple","EXPLNTrust",0.415525505509654,0.590501174920875,""
"Q7","IoTSimple","FAQHide",0.822247491260122,0.822247491260122,""
"Q7","IoTSimple","FAQShow",0.252750005952033,0.337000007936043,""
"Q7","IoTSimple","combined_IoT_ExperienceTRUE",0.910944336801414,0.910944336801414,""
"Q7","IoTSimple","combined_CS_ExperienceTRUE",0.0500581363554412,0.200232545421765,""
"Q7","IoTComplex","EXPLNUnsubstantial",0.718919752776706,0.958559670368941,""
"Q7","IoTComplex","EXPLNHardware",0.779302459914265,0.779302459914265,""
"Q7","IoTComplex","EXPLNTrust",0.550742911121128,0.590501174920875,""
"Q7","IoTComplex","FAQHide",0.523086003869738,0.822247491260122,""
"Q7","IoTComplex","FAQShow",0.0306136665796691,0.122454666318676,"Lost significance"
"Q7","IoTComplex","combined_IoT_ExperienceTRUE",0.126545740599161,0.253091481198322,""
"Q7","IoTComplex","combined_CS_ExperienceTRUE",0.592243977465827,0.592243977465827,""
"Q8","MedicalSimple","EXPLNUnsubstantial",0.498914982677508,0.665219976903344,""
"Q8","MedicalSimple","EXPLNHardware",0.24646147101533,0.716686119807409,""
"Q8","MedicalSimple","EXPLNTrust",0.695185574387062,0.709334646134308,""
"Q8","MedicalSimple","FAQHide",0.815586619910233,0.954127652244156,""
"Q8","MedicalSimple","FAQShow",0.564934006089974,0.753245341453299,""
"Q8","MedicalSimple","combined_Medical_ExperienceTRUE",0.717745207050103,0.717745207050103,""
"Q8","MedicalSimple","combined_CS_ExperienceTRUE",0.690855251775397,0.763156955447641,""
"Q8","MedicalComplex","EXPLNUnsubstantial",0.0178867292378824,0.0715469169515297,"Lost significance"
"Q8","MedicalComplex","EXPLNHardware",0.358343059903705,0.716686119807409,""
"Q8","MedicalComplex","EXPLNTrust",0.0927959999577476,0.37118399983099,""
"Q8","MedicalComplex","FAQHide",0.540414540972735,0.954127652244156,""
"Q8","MedicalComplex","FAQShow",0.838524547457006,0.838524547457006,""
"Q8","MedicalComplex","combined_Medical_ExperienceTRUE",0.071037699162271,0.142075398324542,""
"Q8","MedicalComplex","combined_CS_ExperienceTRUE",0.763156955447641,0.763156955447641,""
"Q8","IoTSimple","EXPLNUnsubstantial",0.884824537324487,0.884824537324487,""
"Q8","IoTSimple","EXPLNHardware",0.760598279021713,0.760598279021713,""
"Q8","IoTSimple","EXPLNTrust",0.709334646134308,0.709334646134308,""
"Q8","IoTSimple","FAQHide",0.0897050865109722,0.358820346043889,""
"Q8","IoTSimple","FAQShow",0.509943362676525,0.753245341453299,""
"Q8","IoTSimple","combined_IoT_ExperienceTRUE",0.469923938311681,0.469923938311681,""
"Q8","IoTSimple","combined_CS_ExperienceTRUE",0.00698339692023172,0.0279335876809269,"Stayed significant"
"Q8","IoTComplex","EXPLNUnsubstantial",0.239589726413364,0.479179452826729,""
"Q8","IoTComplex","EXPLNHardware",0.611100970519217,0.760598279021713,""
"Q8","IoTComplex","EXPLNTrust",0.651363820655474,0.709334646134308,""
"Q8","IoTComplex","FAQHide",0.954127652244156,0.954127652244156,""
"Q8","IoTComplex","FAQShow",0.253970378194275,0.753245341453299,""
"Q8","IoTComplex","combined_IoT_ExperienceTRUE",0.0376374931264145,0.075274986252829,"Lost significance"
"Q8","IoTComplex","combined_CS_ExperienceTRUE",0.108510807137784,0.217021614275567,""
"Q9","MedicalSimple","EXPLNUnsubstantial",0.0477247950470219,0.0636330600626958,"Lost significance"
"Q9","MedicalSimple","EXPLNHardware",0.202382481384869,0.269843308513158,""
"Q9","MedicalSimple","EXPLNTrust",0.282698084190457,0.565396168380913,""
"Q9","MedicalSimple","FAQHide",0.103445896645082,0.413783586580329,""
"Q9","MedicalSimple","FAQShow",0.0926302467206553,0.18526049344131,""
"Q9","MedicalSimple","combined_Medical_ExperienceTRUE",0.207656786076015,0.41531357215203,""
"Q9","MedicalSimple","combined_CS_ExperienceTRUE",0.83342934887402,0.912471542784714,""
"Q9","MedicalComplex","EXPLNUnsubstantial",0.0235524060929716,0.0471048121859432,"Stayed significant"
"Q9","MedicalComplex","EXPLNHardware",0.0885067429812658,0.177013485962532,""
"Q9","MedicalComplex","EXPLNTrust",0.972524907326252,0.972524907326252,""
"Q9","MedicalComplex","FAQHide",0.548374507090112,0.548374507090112,""
"Q9","MedicalComplex","FAQShow",0.889733956623718,0.889733956623718,""
"Q9","MedicalComplex","combined_Medical_ExperienceTRUE",0.504925704307799,0.504925704307799,""
"Q9","MedicalComplex","combined_CS_ExperienceTRUE",0.766740761416674,0.912471542784714,""
"Q9","IoTSimple","EXPLNUnsubstantial",0.278576191414672,0.278576191414672,""
"Q9","IoTSimple","EXPLNHardware",0.711514004265268,0.711514004265268,""
"Q9","IoTSimple","EXPLNTrust",0.839298194321264,0.972524907326252,""
"Q9","IoTSimple","FAQHide",0.227209617924218,0.454419235848435,""
"Q9","IoTSimple","FAQShow",0.0496197260157075,0.18526049344131,"Lost significance"
"Q9","IoTSimple","combined_IoT_ExperienceTRUE",0.121899217857569,0.121899217857569,""
"Q9","IoTSimple","combined_CS_ExperienceTRUE",0.322918958139024,0.912471542784714,""
"Q9","IoTComplex","EXPLNUnsubstantial",0.00078260899317627,0.00313043597270508,"Stayed significant"
"Q9","IoTComplex","EXPLNHardware",0.0087903775610058,0.0351615102440232,"Stayed significant"
"Q9","IoTComplex","EXPLNTrust",0.0618030189006725,0.24721207560269,""
"Q9","IoTComplex","FAQHide",0.472303302269276,0.548374507090112,""
"Q9","IoTComplex","FAQShow",0.733537475481958,0.889733956623718,""
"Q9","IoTComplex","combined_IoT_ExperienceTRUE",0.0449163108559535,0.089832621711907,"Lost significance"
"Q9","IoTComplex","combined_CS_ExperienceTRUE",0.912471542784714,0.912471542784714,""
"Q10","MedicalSimple","EXPLNUnsubstantial",0.286771676106326,0.467536292402165,""
"Q10","MedicalSimple","EXPLNHardware",0.4287466506224,0.8574933012448,""
"Q10","MedicalSimple","EXPLNTrust",0.351969021616335,0.473813439063806,""
"Q10","MedicalSimple","FAQHide",0.0187027073185862,0.0748108292743447,"Lost significance"
"Q10","MedicalSimple","FAQShow",0.0033277743333608,0.0133110973334432,"Stayed significant"
"Q10","MedicalSimple","combined_Medical_ExperienceTRUE",0.684120790868525,0.684120790868525,""
"Q10","MedicalSimple","combined_CS_ExperienceTRUE",0.955335484771022,0.955335484771022,""
"Q10","MedicalComplex","EXPLNUnsubstantial",0.257313374544875,0.467536292402165,""
"Q10","MedicalComplex","EXPLNHardware",0.96825458003733,0.96825458003733,""
"Q10","MedicalComplex","EXPLNTrust",0.357231925187754,0.473813439063806,""
"Q10","MedicalComplex","FAQHide",0.142290496556522,0.142290496556522,""
"Q10","MedicalComplex","FAQShow",0.659582357678102,0.659582357678102,""
"Q10","MedicalComplex","combined_Medical_ExperienceTRUE",0.143352293294903,0.286704586589807,""
"Q10","MedicalComplex","combined_CS_ExperienceTRUE",0.908240700132144,0.955335484771022,""
"Q10","IoTSimple","EXPLNUnsubstantial",0.350652219301624,0.467536292402165,""
"Q10","IoTSimple","EXPLNHardware",0.658964069055032,0.878618758740042,""
"Q10","IoTSimple","EXPLNTrust",0.473813439063806,0.473813439063806,""
"Q10","IoTSimple","FAQHide",0.0450568543090342,0.0901137086180684,"Lost significance"
"Q10","IoTSimple","FAQShow",0.495370668181679,0.659582357678102,""
"Q10","IoTSimple","combined_IoT_ExperienceTRUE",0.469158809548305,0.469158809548305,""
"Q10","IoTSimple","combined_CS_ExperienceTRUE",0.671694213771739,0.955335484771022,""
"Q10","IoTComplex","EXPLNUnsubstantial",0.99027577056293,0.99027577056293,""
"Q10","IoTComplex","EXPLNHardware",0.0693361780614574,0.277344712245829,""
"Q10","IoTComplex","EXPLNTrust",0.376152948847173,0.473813439063806,""
"Q10","IoTComplex","FAQHide",0.0750998396368171,0.100133119515756,""
"Q10","IoTComplex","FAQShow",0.144043284187942,0.288086568375883,""
"Q10","IoTComplex","combined_IoT_ExperienceTRUE",0.27409825344815,0.469158809548305,""
"Q10","IoTComplex","combined_CS_ExperienceTRUE",0.398482245701191,0.955335484771022,""
"Q11","MedicalSimple","EXPLNUnsubstantial",0.269685775378381,0.359581033837841,""
"Q11","MedicalSimple","EXPLNHardware",0.273073609044214,0.546147218088427,""
"Q11","MedicalSimple","EXPLNTrust",0.407458675376204,0.874763346181077,""
"Q11","MedicalSimple","FAQHide",6.55225796202043e-13,1.31045159240409e-12,"Stayed significant"
"Q11","MedicalSimple","FAQShow",1.78398727676637e-14,7.13594910706546e-14,"Stayed significant"
"Q11","MedicalSimple","combined_Medical_ExperienceTRUE",0.398212646458581,0.796425292917163,""
"Q11","MedicalSimple","combined_CS_ExperienceTRUE",0.916322290765047,0.916322290765047,""
"Q11","MedicalComplex","EXPLNUnsubstantial",0.232429218373919,0.359581033837841,""
"Q11","MedicalComplex","EXPLNHardware",0.86172914297451,0.86172914297451,""
"Q11","MedicalComplex","EXPLNTrust",0.794946295963455,0.874763346181077,""
"Q11","MedicalComplex","FAQHide",8.58425679823327e-10,8.58425679823327e-10,"Stayed significant"
"Q11","MedicalComplex","FAQShow",5.27730334795995e-12,7.03640446394659e-12,"Stayed significant"
"Q11","MedicalComplex","combined_Medical_ExperienceTRUE",0.917620751601878,0.917620751601878,""
"Q11","MedicalComplex","combined_CS_ExperienceTRUE",0.182598540000201,0.44785060124961,""
"Q11","IoTSimple","EXPLNUnsubstantial",0.195330811814543,0.359581033837841,""
"Q11","IoTSimple","EXPLNHardware",0.259947448624045,0.546147218088427,""
"Q11","IoTSimple","EXPLNTrust",0.874763346181077,0.874763346181077,""
"Q11","IoTSimple","FAQHide",4.72557441707977e-13,1.31045159240409e-12,"Stayed significant"
"Q11","IoTSimple","FAQShow",1.56959916331171e-11,1.56959916331171e-11,"Stayed significant"
"Q11","IoTSimple","combined_IoT_ExperienceTRUE",0.513637574510879,0.513637574510879,""
"Q11","IoTSimple","combined_CS_ExperienceTRUE",0.223925300624805,0.44785060124961,""
"Q11","IoTComplex","EXPLNUnsubstantial",0.361719117856916,0.361719117856916,""
"Q11","IoTComplex","EXPLNHardware",0.524765067019918,0.699686756026557,""
"Q11","IoTComplex","EXPLNTrust",0.44994545679809,0.874763346181077,""
"Q11","IoTComplex","FAQHide",7.86117274843047e-10,8.58425679823327e-10,"Stayed significant"
"Q11","IoTComplex","FAQShow",4.10026218095952e-13,8.20052436191904e-13,"Stayed significant"
"Q11","IoTComplex","combined_IoT_ExperienceTRUE",0.0974792200705657,0.194958440141131,""
"Q11","IoTComplex","combined_CS_ExperienceTRUE",0.337703472703585,0.450271296938113,""
"Q12","MedicalSimple","EXPLNUnsubstantial",0.593634119810104,0.791512159746805,""
"Q12","MedicalSimple","EXPLNHardware",0.419989844626034,0.776087850306618,""
"Q12","MedicalSimple","EXPLNTrust",0.695422871203849,0.695422871203849,""
"Q12","MedicalSimple","FAQHide",2.74779577229801e-07,1.0991183089192e-06,"Stayed significant"
"Q12","MedicalSimple","FAQShow",6.65548208618593e-08,2.66219283447437e-07,"Stayed significant"
"Q12","MedicalSimple","combined_Medical_ExperienceTRUE",0.718648526992484,0.718648526992484,""
"Q12","MedicalSimple","combined_CS_ExperienceTRUE",0.349517096016764,0.466022794689019,""
"Q12","MedicalComplex","EXPLNUnsubstantial",0.185676107212246,0.371352214424492,""
"Q12","MedicalComplex","EXPLNHardware",0.540016937308759,0.776087850306618,""
"Q12","MedicalComplex","EXPLNTrust",0.111788418120046,0.447153672480183,""
"Q12","MedicalComplex","FAQHide",0.000304029099614087,0.000341633454708737,"Stayed significant"
"Q12","MedicalComplex","FAQShow",7.30453268424695e-06,1.46090653684939e-05,"Stayed significant"
"Q12","MedicalComplex","combined_Medical_ExperienceTRUE",0.183110553134194,0.366221106268387,""
"Q12","MedicalComplex","combined_CS_ExperienceTRUE",0.580505715767967,0.580505715767967,""
"Q12","IoTSimple","EXPLNUnsubstantial",0.183981456495997,0.371352214424492,""
"Q12","IoTSimple","EXPLNHardware",0.582065887729963,0.776087850306618,""
"Q12","IoTSimple","EXPLNTrust",0.441827666064527,0.695422871203849,""
"Q12","IoTSimple","FAQHide",0.000341633454708737,0.000341633454708737,"Stayed significant"
"Q12","IoTSimple","FAQShow",3.69015525682546e-05,4.92020700910061e-05,"Stayed significant"
"Q12","IoTSimple","combined_IoT_ExperienceTRUE",0.709943334619526,0.709943334619526,""
"Q12","IoTSimple","combined_CS_ExperienceTRUE",0.196936897903308,0.43092123956518,""
"Q12","IoTComplex","EXPLNUnsubstantial",0.865391961473539,0.865391961473539,""
"Q12","IoTComplex","EXPLNHardware",0.870415630655765,0.870415630655765,""
"Q12","IoTComplex","EXPLNTrust",0.694494125763272,0.695422871203849,""
"Q12","IoTComplex","FAQHide",0.000310784659380833,0.000341633454708737,"Stayed significant"
"Q12","IoTComplex","FAQShow",9.88800445952175e-05,9.88800445952175e-05,"Stayed significant"
"Q12","IoTComplex","combined_IoT_ExperienceTRUE",0.682618915808353,0.709943334619526,""
"Q12","IoTComplex","combined_CS_ExperienceTRUE",0.21546061978259,0.43092123956518,""
