id,sum_score_medical,sum_score_IoT,overall_score,M1,M2,M3,M4,M5,M6,M7,M8,M9,M10,M11,M12,I1,I2,I3,I4,I5,I6,I7,I8,I9,I10,I11,I12,SCENARIO_Med,SCENARIO_IoT
1,12,11,23,1,1,1,1,1,1,1,1,1,1,1,1,1,1,1,1,1,1,1,0,1,1,1,1,Medical-Complex,IoT-Complex
2,4,5,9,0,1,0,0,0,1,0,0,1,0,1,0,1,1,0,0,0,1,0,0,0,1,1,0,Medical-Simple,IoT-Simple
3,5,5,10,0,0,0,0,1,1,1,0,0,1,0,1,1,0,0,0,1,1,1,0,0,1,0,0,Medical-Simple,IoT-Complex
4,8,8,16,1,1,1,1,1,1,1,0,1,0,0,0,1,1,1,1,1,0,1,0,1,0,0,1,Medical-Complex,IoT-Simple
5,9,10,19,1,1,1,0,1,1,0,1,1,1,1,0,1,1,1,1,1,1,0,1,1,1,1,0,Medical-Simple,IoT-Complex
6,11,10,21,1,1,1,1,1,1,1,1,1,0,1,1,1,1,1,1,1,1,1,0,1,0,1,1,Medical-Simple,IoT-Complex
7,6,6,12,1,0,0,0,1,1,1,0,0,1,1,0,1,0,0,0,1,1,1,0,0,1,1,0,Medical-Complex,IoT-Simple
8,7,5,12,1,1,0,1,1,0,1,0,0,0,1,1,1,0,0,0,1,0,1,0,1,0,1,0,Medical-Simple,IoT-Simple
9,7,7,14,1,0,0,1,1,1,1,1,0,1,0,0,1,1,0,1,1,1,1,0,0,1,0,0,Medical-Complex,IoT-Complex
10,9,7,16,1,1,1,1,0,1,0,1,1,0,1,1,1,1,1,1,0,0,0,0,1,0,1,1,Medical-Complex,IoT-Complex
11,7,7,14,1,1,0,0,1,1,1,1,0,1,0,0,1,1,0,0,1,1,1,1,0,1,0,0,Medical-Simple,IoT-Complex
12,6,7,13,1,1,0,1,1,0,0,0,1,0,1,0,1,1,0,1,0,1,1,0,1,0,1,0,Medical-Complex,IoT-Complex
13,6,7,13,1,0,0,0,1,1,1,1,0,1,0,0,1,1,0,0,1,1,1,0,1,1,0,0,Medical-Complex,IoT-Simple
14,7,6,13,1,1,0,1,1,1,0,0,1,1,0,0,1,1,0,0,1,1,0,1,1,0,0,0,Medical-Simple,IoT-Simple
15,6,8,14,1,0,0,1,1,1,1,0,0,1,0,0,1,1,0,0,1,1,1,0,1,1,1,0,Medical-Simple,IoT-Simple
16,9,7,16,1,1,0,0,1,1,1,1,1,1,1,0,1,0,0,0,1,1,1,1,0,1,1,0,Medical-Complex,IoT-Complex
17,12,8,20,1,1,1,1,1,1,1,1,1,1,1,1,1,0,0,0,0,1,1,1,1,1,1,1,Medical-Complex,IoT-Complex
18,12,12,24,1,1,1,1,1,1,1,1,1,1,1,1,1,1,1,1,1,1,1,1,1,1,1,1,Medical-Simple,IoT-Simple
19,6,8,14,1,0,0,0,1,1,0,0,1,0,1,1,1,1,0,0,1,1,1,0,1,0,1,1,Medical-Simple,IoT-Complex
20,9,10,19,1,1,1,0,1,1,1,0,1,1,1,0,1,1,1,0,1,1,1,1,1,1,1,0,Medical-Simple,IoT-Complex
21,11,10,21,1,1,1,1,1,1,1,1,1,0,1,1,1,1,1,1,1,1,1,0,1,0,1,1,Medical-Complex,IoT-Complex
22,10,11,21,1,1,1,0,1,1,1,0,1,1,1,1,1,1,1,0,1,1,1,1,1,1,1,1,Medical-Complex,IoT-Simple
23,7,7,14,1,1,0,0,1,1,1,1,0,0,1,0,1,1,0,0,1,1,1,1,0,0,1,0,Medical-Complex,IoT-Complex
24,9,9,18,1,1,1,1,1,0,1,0,1,0,1,1,1,1,1,1,1,0,1,0,1,0,1,1,Medical-Simple,IoT-Simple
25,10,9,19,1,1,1,1,1,1,1,0,1,0,1,1,1,1,1,1,1,1,1,0,0,0,1,1,Medical-Simple,IoT-Simple
26,11,11,22,1,1,1,1,1,1,1,1,1,1,1,0,1,1,1,1,1,1,1,1,1,1,1,0,Medical-Complex,IoT-Simple
27,11,10,21,1,1,1,1,1,1,1,1,1,1,1,0,1,1,1,1,1,1,1,0,1,1,1,0,Medical-Complex,IoT-Complex
28,7,6,13,0,1,0,1,1,1,1,0,0,1,1,0,1,1,0,0,1,0,0,0,1,1,1,0,Medical-Simple,IoT-Simple
29,1,9,10,0,0,0,0,0,0,0,0,1,0,0,0,1,1,1,1,0,1,0,1,1,0,1,1,Medical-Complex,IoT-Simple
30,6,7,13,1,1,1,1,0,1,0,0,1,0,0,0,1,1,1,1,0,1,0,1,1,0,0,0,Medical-Simple,IoT-Simple
31,12,12,24,1,1,1,1,1,1,1,1,1,1,1,1,1,1,1,1,1,1,1,1,1,1,1,1,Medical-Complex,IoT-Complex
32,8,7,15,1,1,0,0,1,1,1,1,0,1,1,0,1,0,1,1,1,1,0,0,0,1,1,0,Medical-Simple,IoT-Complex
33,11,11,22,1,1,1,1,1,1,1,1,1,0,1,1,1,1,1,1,1,1,1,0,1,1,1,1,Medical-Complex,IoT-Complex
34,10,8,18,1,1,1,1,1,1,1,1,1,1,0,0,1,1,0,1,1,1,1,0,1,1,0,0,Medical-Complex,IoT-Simple
35,9,10,19,1,1,1,1,1,1,0,0,1,0,1,1,1,1,1,1,0,1,1,0,1,1,1,1,Medical-Simple,IoT-Simple
36,12,11,23,1,1,1,1,1,1,1,1,1,1,1,1,1,1,1,1,1,1,1,1,1,1,1,0,Medical-Complex,IoT-Complex
37,8,9,17,1,1,0,1,1,0,0,1,1,0,1,1,1,1,0,1,1,1,1,0,1,0,1,1,Medical-Simple,IoT-Simple
38,6,8,14,1,1,0,0,1,1,0,0,1,1,0,0,1,1,0,0,1,1,1,1,0,1,1,0,Medical-Simple,IoT-Complex
39,11,11,22,1,1,1,1,1,1,1,1,1,1,1,0,1,1,1,1,1,1,1,1,1,1,1,0,Medical-Complex,IoT-Simple
40,9,11,20,1,1,1,1,1,1,0,0,1,1,1,0,1,1,1,1,1,1,1,1,1,1,1,0,Medical-Complex,IoT-Simple
41,7,7,14,1,1,0,0,1,1,0,1,1,1,0,0,1,1,0,0,1,1,0,1,0,1,0,1,Medical-Simple,IoT-Simple
42,6,7,13,1,1,0,0,1,0,1,0,0,0,1,1,1,1,1,1,1,0,0,0,0,0,1,1,Medical-Complex,IoT-Complex
43,9,7,16,1,1,1,1,1,1,1,1,1,0,0,0,1,1,1,1,0,1,0,1,1,0,0,0,Medical-Simple,IoT-Complex
44,10,10,20,1,1,1,1,1,1,1,0,1,0,1,1,1,1,1,1,1,1,1,0,1,0,1,1,Medical-Simple,IoT-Simple
45,8,8,16,1,1,0,1,1,1,1,0,1,1,0,0,1,1,0,0,1,1,1,1,1,1,0,0,Medical-Simple,IoT-Simple
46,10,10,20,1,1,1,1,1,1,1,1,1,1,0,0,1,1,1,1,1,1,1,1,1,1,0,0,Medical-Simple,IoT-Complex
47,5,6,11,1,1,0,1,0,0,0,1,0,0,1,0,0,1,1,1,1,1,0,0,0,0,0,1,Medical-Simple,IoT-Complex
48,10,10,20,1,1,1,1,1,1,1,0,1,1,0,1,1,1,1,1,1,1,1,0,1,1,0,1,Medical-Simple,IoT-Complex
49,6,5,11,1,0,0,0,1,1,1,1,0,1,0,0,0,0,0,0,1,1,1,1,0,1,0,0,Medical-Complex,IoT-Simple
50,10,8,18,1,1,1,1,1,1,1,1,1,1,0,0,1,1,1,1,1,1,0,0,1,1,0,0,Medical-Complex,IoT-Simple
51,8,5,13,1,0,1,1,1,0,1,1,1,0,0,1,1,1,0,1,0,1,0,0,1,0,0,0,Medical-Simple,IoT-Complex
52,11,10,21,1,1,1,0,1,1,1,1,1,1,1,1,1,1,0,1,1,1,1,0,1,1,1,1,Medical-Simple,IoT-Complex
53,8,8,16,1,1,1,1,1,1,0,0,1,0,0,1,1,1,1,1,1,0,1,0,1,0,0,1,Medical-Simple,IoT-Simple
54,8,10,18,1,0,0,0,1,1,1,1,1,1,1,0,1,1,1,0,1,1,1,1,1,1,1,0,Medical-Complex,IoT-Simple
55,9,8,17,1,1,1,0,1,1,1,1,0,1,1,0,1,1,1,0,1,1,1,0,0,1,1,0,Medical-Complex,IoT-Simple
56,11,9,20,1,1,1,1,1,1,1,1,1,1,1,0,1,1,1,1,0,1,1,0,1,0,1,1,Medical-Simple,IoT-Complex
57,8,6,14,1,0,0,0,1,1,1,1,1,1,1,0,1,1,0,0,1,1,1,0,0,1,0,0,Medical-Complex,IoT-Simple
58,10,9,19,1,1,1,1,1,1,1,1,1,0,1,0,1,1,1,1,1,1,0,0,1,0,1,1,Medical-Complex,IoT-Complex
59,10,10,20,1,1,1,1,1,1,0,1,1,0,1,1,1,1,1,1,1,1,0,1,1,0,1,1,Medical-Simple,IoT-Simple
60,9,9,18,1,1,1,1,1,1,0,0,1,0,1,1,1,1,1,1,1,1,0,0,1,0,1,1,Medical-Simple,IoT-Complex
61,11,11,22,1,1,1,1,1,1,1,1,1,1,1,0,1,1,1,1,1,1,0,1,1,1,1,1,Medical-Complex,IoT-Simple
62,5,6,11,0,1,0,0,0,1,1,0,1,0,0,1,1,1,0,0,1,1,1,0,0,0,0,1,Medical-Simple,IoT-Simple
63,9,9,18,1,1,0,1,1,1,1,1,0,1,1,0,1,1,0,0,1,1,1,1,1,1,1,0,Medical-Complex,IoT-Complex
64,7,9,16,1,1,1,0,0,1,0,1,1,0,1,0,1,1,1,1,1,1,0,0,1,0,1,1,Medical-Complex,IoT-Simple
65,9,8,17,1,1,0,0,1,1,1,0,1,1,1,1,1,1,0,0,1,1,0,0,1,1,1,1,Medical-Complex,IoT-Complex
66,7,7,14,1,0,0,0,1,1,1,1,0,1,1,0,1,0,0,0,1,1,1,1,0,1,1,0,Medical-Complex,IoT-Complex
67,10,9,19,1,1,1,0,1,1,1,0,1,1,1,1,1,1,1,0,1,1,0,0,1,1,1,1,Medical-Complex,IoT-Complex
68,12,11,23,1,1,1,1,1,1,1,1,1,1,1,1,1,1,1,1,1,1,1,0,1,1,1,1,Medical-Complex,IoT-Complex
69,7,10,17,1,1,0,1,0,1,0,0,1,1,0,1,1,1,1,1,1,1,0,1,1,1,0,1,Medical-Simple,IoT-Complex
70,8,7,15,1,0,1,0,1,1,1,1,1,1,0,0,1,0,0,0,1,1,1,1,1,1,0,0,Medical-Complex,IoT-Complex
71,9,9,18,1,1,0,0,1,1,1,1,1,1,1,0,1,1,0,1,1,1,1,1,0,1,1,0,Medical-Complex,IoT-Simple
72,9,7,16,1,1,1,1,1,0,1,0,1,0,1,1,1,1,1,1,0,0,0,0,1,0,1,1,Medical-Complex,IoT-Simple
73,7,6,13,1,1,0,0,1,1,1,1,0,1,0,0,1,1,0,0,1,1,0,0,1,1,0,0,Medical-Complex,IoT-Simple
74,11,11,22,1,1,1,1,1,1,1,0,1,1,1,1,1,1,1,1,1,1,1,0,1,1,1,1,Medical-Simple,IoT-Simple
75,10,9,19,1,1,1,1,1,1,0,1,1,1,0,1,1,1,1,1,1,1,0,1,1,0,0,1,Medical-Simple,IoT-Simple
76,11,11,22,1,1,1,1,1,1,0,1,1,1,1,1,1,1,1,1,1,1,0,1,1,1,1,1,Medical-Simple,IoT-Simple
77,7,9,16,1,1,0,0,0,1,0,1,1,0,1,1,1,1,1,0,1,1,1,0,1,1,1,0,Medical-Simple,IoT-Complex
78,9,9,18,1,1,1,1,1,1,1,1,1,0,0,0,1,1,1,1,1,1,1,1,1,0,0,0,Medical-Complex,IoT-Complex
79,11,11,22,1,1,1,1,1,1,1,1,1,0,1,1,1,1,1,1,1,1,1,1,1,0,1,1,Medical-Simple,IoT-Complex
80,9,9,18,1,1,1,1,1,0,0,0,1,1,1,1,1,1,1,1,1,0,0,1,0,1,1,1,Medical-Simple,IoT-Complex
81,8,8,16,1,1,0,0,1,1,1,1,1,1,0,0,1,1,0,0,1,1,1,1,1,1,0,0,Medical-Simple,IoT-Complex
82,11,6,17,1,1,1,1,1,1,1,1,1,1,1,0,1,1,1,0,0,1,0,1,0,0,1,0,Medical-Simple,IoT-Simple
83,8,9,17,1,1,1,1,0,0,1,0,1,0,1,1,1,1,1,1,1,0,1,0,1,0,1,1,Medical-Complex,IoT-Simple
84,5,6,11,0,0,0,0,1,1,1,1,0,1,0,0,1,0,0,0,1,1,1,1,0,1,0,0,Medical-Complex,IoT-Simple
85,7,10,17,1,0,0,0,1,1,1,1,1,1,0,0,1,1,1,1,1,1,1,1,1,0,0,1,Medical-Complex,IoT-Simple
86,10,7,17,1,1,1,1,1,1,1,0,1,0,1,1,1,1,0,1,1,0,0,0,1,0,1,1,Medical-Simple,IoT-Complex
87,11,11,22,1,1,1,1,1,1,1,0,1,1,1,1,1,1,1,1,1,1,1,0,1,1,1,1,Medical-Simple,IoT-Simple
88,10,10,20,1,1,1,1,1,1,1,0,1,0,1,1,1,1,1,1,1,0,1,1,1,0,1,1,Medical-Simple,IoT-Complex
89,10,9,19,1,1,0,1,1,1,1,1,1,1,1,0,1,1,1,0,1,1,1,0,1,1,1,0,Medical-Complex,IoT-Simple
90,11,10,21,1,1,1,1,1,1,1,1,1,1,1,0,1,1,1,1,1,1,1,0,1,1,1,0,Medical-Complex,IoT-Simple
91,7,8,15,1,1,1,0,1,0,1,0,1,1,0,0,1,1,1,0,1,1,1,0,1,1,0,0,Medical-Simple,IoT-Complex
92,7,7,14,1,1,0,1,0,1,0,1,1,0,1,0,1,1,1,1,0,0,0,1,1,0,1,0,Medical-Simple,IoT-Complex
93,10,9,19,1,1,0,1,1,1,1,1,1,1,1,0,1,1,0,0,1,1,1,1,1,1,1,0,Medical-Simple,IoT-Complex
94,10,11,21,1,1,1,1,1,1,0,1,1,0,1,1,1,1,1,1,1,1,1,1,1,0,1,1,Medical-Simple,IoT-Simple
95,11,9,20,1,1,1,1,1,1,1,1,0,1,1,1,1,0,1,1,1,1,1,0,0,1,1,1,Medical-Complex,IoT-Complex
96,8,8,16,1,1,0,0,1,1,1,1,1,1,0,0,1,1,0,0,1,1,1,1,1,1,0,0,Medical-Complex,IoT-Simple
97,11,9,20,1,1,1,1,1,1,1,1,1,0,1,1,1,1,1,1,1,1,0,0,1,0,1,1,Medical-Complex,IoT-Complex
98,7,8,15,1,1,0,0,1,1,1,1,0,1,0,0,1,1,0,0,1,1,1,1,1,1,0,0,Medical-Complex,IoT-Complex
99,10,10,20,1,1,1,1,1,1,0,1,1,0,1,1,1,1,1,1,1,1,0,0,1,1,1,1,Medical-Simple,IoT-Simple
100,6,9,15,1,0,1,0,1,1,1,1,0,0,0,0,1,1,1,1,1,1,1,0,1,0,0,1,Medical-Complex,IoT-Simple
101,9,9,18,1,1,1,1,1,1,1,1,0,0,0,1,1,1,1,1,1,1,1,1,0,0,0,1,Medical-Complex,IoT-Complex
102,11,11,22,1,1,1,0,1,1,1,1,1,1,1,1,1,1,1,0,1,1,1,1,1,1,1,1,Medical-Complex,IoT-Simple
103,9,9,18,1,1,0,0,1,1,0,1,1,1,1,1,1,1,1,0,1,1,0,0,1,1,1,1,Medical-Simple,IoT-Simple
104,10,8,18,1,1,0,0,1,1,1,1,1,1,1,1,1,0,0,0,1,1,1,0,1,1,1,1,Medical-Complex,IoT-Complex
105,8,9,17,1,1,0,0,1,0,1,1,1,0,1,1,1,1,1,1,1,0,0,1,1,0,1,1,Medical-Complex,IoT-Simple
106,8,9,17,1,1,1,0,1,1,1,0,0,1,1,0,1,1,0,0,1,1,1,1,0,1,1,1,Medical-Complex,IoT-Complex
107,8,8,16,1,1,1,1,1,1,1,0,1,0,0,0,1,1,1,1,1,0,1,0,1,0,0,1,Medical-Simple,IoT-Complex
108,12,12,24,1,1,1,1,1,1,1,1,1,1,1,1,1,1,1,1,1,1,1,1,1,1,1,1,Medical-Simple,IoT-Complex
109,10,10,20,1,1,1,1,1,1,1,0,1,1,0,1,1,1,1,1,1,1,1,0,1,1,0,1,Medical-Simple,IoT-Complex
110,7,8,15,1,1,0,0,1,1,0,1,1,1,0,0,1,1,0,0,1,1,1,1,1,1,0,0,Medical-Simple,IoT-Complex
111,12,12,24,1,1,1,1,1,1,1,1,1,1,1,1,1,1,1,1,1,1,1,1,1,1,1,1,Medical-Simple,IoT-Simple
112,9,10,19,1,1,1,1,1,0,0,1,1,0,1,1,1,1,1,1,1,1,0,1,1,0,1,1,Medical-Simple,IoT-Complex
113,11,8,19,1,1,1,1,1,1,1,1,1,0,1,1,1,1,0,1,1,1,0,0,1,1,0,1,Medical-Complex,IoT-Simple
114,9,11,20,1,1,1,1,0,1,1,0,1,0,1,1,1,1,1,1,1,1,1,0,1,1,1,1,Medical-Simple,IoT-Complex
115,12,9,21,1,1,1,1,1,1,1,1,1,1,1,1,1,1,0,0,1,1,1,0,1,1,1,1,Medical-Complex,IoT-Simple
116,11,10,21,1,1,1,1,1,1,1,1,1,0,1,1,1,1,1,1,1,1,1,0,1,0,1,1,Medical-Complex,IoT-Complex
117,8,7,15,1,1,0,0,1,1,1,0,1,1,1,0,1,1,0,0,1,1,1,0,0,1,1,0,Medical-Complex,IoT-Simple
118,7,7,14,1,1,0,1,1,1,1,0,0,1,0,0,1,0,1,1,1,1,1,0,0,0,1,0,Medical-Simple,IoT-Simple
119,5,6,11,1,0,0,0,0,1,1,0,1,1,0,0,1,1,0,0,1,1,1,0,0,1,0,0,Medical-Complex,IoT-Complex
120,10,9,19,1,1,1,1,1,1,1,1,1,1,0,0,1,1,1,1,1,1,1,1,0,1,0,0,Medical-Simple,IoT-Simple
121,9,8,17,1,1,0,0,1,1,1,1,1,1,1,0,1,1,0,0,1,1,1,0,1,1,1,0,Medical-Complex,IoT-Simple
122,8,8,16,1,1,1,1,0,1,0,0,1,0,1,1,1,1,1,1,0,1,0,0,1,0,1,1,Medical-Complex,IoT-Simple
123,11,11,22,1,1,1,1,1,1,1,0,1,1,1,1,1,1,1,1,1,1,1,0,1,1,1,1,Medical-Simple,IoT-Simple
124,9,7,16,1,1,1,1,0,1,1,0,1,0,1,1,1,1,1,1,1,1,0,0,0,0,0,1,Medical-Complex,IoT-Complex
125,10,10,20,1,1,1,1,1,1,1,1,1,1,0,0,1,1,1,1,1,1,1,1,1,0,0,1,Medical-Simple,IoT-Complex
126,9,10,19,1,1,1,1,1,0,0,1,1,0,1,1,1,1,1,1,1,1,0,1,1,0,1,1,Medical-Complex,IoT-Complex
127,8,8,16,1,1,0,0,1,1,1,1,1,1,0,0,1,1,0,0,1,1,1,1,1,1,0,0,Medical-Simple,IoT-Simple
128,10,9,19,1,1,1,1,1,1,1,0,1,1,1,0,1,1,0,0,1,1,1,1,1,1,1,0,Medical-Simple,IoT-Simple
129,7,10,17,1,1,0,0,1,1,0,0,1,1,1,0,1,1,0,1,1,1,1,1,1,1,1,0,Medical-Simple,IoT-Complex
130,9,9,18,1,1,1,1,1,1,0,1,1,0,0,1,1,1,1,1,1,1,1,0,1,0,0,1,Medical-Complex,IoT-Complex
131,8,8,16,1,1,0,0,1,1,1,1,1,1,0,0,1,1,0,0,1,1,1,1,1,1,0,0,Medical-Complex,IoT-Complex
132,12,12,24,1,1,1,1,1,1,1,1,1,1,1,1,1,1,1,1,1,1,1,1,1,1,1,1,Medical-Simple,IoT-Simple
133,12,11,23,1,1,1,1,1,1,1,1,1,1,1,1,1,1,1,1,1,1,1,0,1,1,1,1,Medical-Complex,IoT-Complex
134,11,8,19,1,1,1,1,1,1,1,1,1,0,1,1,1,1,0,0,1,1,1,1,1,0,1,0,Medical-Simple,IoT-Simple
135,8,6,14,1,1,0,1,1,1,1,0,1,1,0,0,1,1,0,0,0,1,1,0,0,1,1,0,Medical-Complex,IoT-Complex
136,8,8,16,1,0,1,1,1,1,1,1,0,0,0,1,1,0,1,1,1,1,1,1,0,0,0,1,Medical-Complex,IoT-Complex
137,11,11,22,1,1,1,1,1,1,0,1,1,1,1,1,1,1,1,1,1,1,0,1,1,1,1,1,Medical-Simple,IoT-Simple
138,9,10,19,1,1,1,1,1,1,0,0,1,1,0,1,1,1,1,1,1,1,1,0,1,1,0,1,Medical-Simple,IoT-Simple
139,9,9,18,1,1,1,0,1,0,1,0,1,1,1,1,1,1,1,0,1,0,1,0,1,1,1,1,Medical-Complex,IoT-Simple
140,12,7,19,1,1,1,1,1,1,1,1,1,1,1,1,1,1,1,1,0,0,0,0,1,0,1,1,Medical-Simple,IoT-Complex
141,9,6,15,1,1,1,1,1,1,1,0,0,0,1,1,1,0,1,0,0,1,1,0,0,0,1,1,Medical-Complex,IoT-Complex
142,10,10,20,1,1,1,1,1,1,0,0,1,1,1,1,1,1,1,1,1,1,1,0,1,1,1,0,Medical-Simple,IoT-Complex
143,12,10,22,1,1,1,1,1,1,1,1,1,1,1,1,1,0,1,1,1,1,1,0,1,1,1,1,Medical-Complex,IoT-Simple
144,12,12,24,1,1,1,1,1,1,1,1,1,1,1,1,1,1,1,1,1,1,1,1,1,1,1,1,Medical-Simple,IoT-Simple
145,5,7,12,0,0,0,0,1,1,1,1,0,1,0,0,1,1,0,1,1,1,0,0,1,1,0,0,Medical-Simple,IoT-Simple
146,12,11,23,1,1,1,1,1,1,1,1,1,1,1,1,1,1,1,0,1,1,1,1,1,1,1,1,Medical-Complex,IoT-Complex
147,9,7,16,1,1,1,1,0,1,0,1,1,0,1,1,1,1,1,1,0,0,0,0,1,0,1,1,Medical-Complex,IoT-Simple
148,11,10,21,1,1,1,1,1,1,1,1,1,0,1,1,1,1,1,1,1,1,1,0,1,0,1,1,Medical-Complex,IoT-Simple
149,10,10,20,1,1,1,0,1,1,1,0,1,1,1,1,1,1,1,1,1,1,1,0,1,1,1,0,Medical-Simple,IoT-Complex
150,8,9,17,1,1,1,1,1,0,1,0,1,0,0,1,1,1,1,1,1,1,0,1,1,0,0,1,Medical-Complex,IoT-Simple
151,8,8,16,1,1,0,0,1,1,0,1,1,0,1,1,1,1,0,0,1,1,1,0,1,0,1,1,Medical-Simple,IoT-Complex
152,8,6,14,1,1,1,1,1,1,1,0,0,1,0,0,1,1,1,0,1,1,1,0,0,0,0,0,Medical-Simple,IoT-Complex
153,10,9,19,1,1,1,1,1,1,1,1,1,0,0,1,1,1,1,1,1,1,1,0,1,0,0,1,Medical-Simple,IoT-Simple
154,6,7,13,1,1,0,0,1,1,1,0,0,1,0,0,1,1,0,0,1,1,1,1,0,1,0,0,Medical-Simple,IoT-Complex
155,11,12,23,1,1,1,1,1,1,0,1,1,1,1,1,1,1,1,1,1,1,1,1,1,1,1,1,Medical-Simple,IoT-Complex
156,9,11,20,1,1,1,1,1,1,0,0,1,1,0,1,1,1,1,1,1,1,1,1,1,1,0,1,Medical-Simple,IoT-Simple
157,10,8,18,1,1,1,1,1,1,1,1,1,0,0,1,1,1,1,1,1,1,0,0,1,0,0,1,Medical-Complex,IoT-Simple
158,9,8,17,1,1,0,1,1,1,1,0,1,1,1,0,1,1,0,0,1,1,1,1,1,0,1,0,Medical-Complex,IoT-Simple
159,9,9,18,1,1,1,1,1,1,0,0,1,1,1,0,1,1,1,1,1,1,0,0,1,1,1,0,Medical-Simple,IoT-Simple
160,9,9,18,1,1,1,1,1,1,0,1,1,1,0,0,1,1,1,1,1,1,0,1,1,1,0,0,Medical-Complex,IoT-Complex
161,9,9,18,1,1,1,1,1,1,0,0,1,0,1,1,1,1,1,1,1,1,0,0,1,0,1,1,Medical-Complex,IoT-Simple
162,8,8,16,1,0,0,1,1,1,1,0,1,1,1,0,1,1,0,1,1,1,1,0,0,1,1,0,Medical-Complex,IoT-Complex
163,9,9,18,1,1,0,1,1,1,1,0,1,1,1,0,1,1,0,1,1,1,1,0,1,1,1,0,Medical-Simple,IoT-Complex
164,11,10,21,1,1,1,1,1,1,1,1,1,0,1,1,1,1,1,1,1,1,0,0,1,1,1,1,Medical-Complex,IoT-Complex
165,8,7,15,1,1,0,1,1,1,1,0,1,1,0,0,1,1,0,0,1,1,1,0,0,1,1,0,Medical-Simple,IoT-Complex
166,8,9,17,1,0,0,0,1,1,1,1,1,1,1,0,1,1,0,0,1,1,1,1,1,1,1,0,Medical-Complex,IoT-Complex
167,12,12,24,1,1,1,1,1,1,1,1,1,1,1,1,1,1,1,1,1,1,1,1,1,1,1,1,Medical-Complex,IoT-Simple
168,8,6,14,1,1,0,0,1,1,1,1,1,1,0,0,1,1,0,0,1,1,0,0,1,1,0,0,Medical-Complex,IoT-Simple
169,9,9,18,1,1,0,0,1,1,1,1,1,1,1,0,1,1,0,0,1,1,1,1,1,1,1,0,Medical-Complex,IoT-Simple
170,9,9,18,1,1,1,1,1,1,1,1,1,0,0,0,1,1,1,1,1,1,0,1,1,0,0,1,Medical-Complex,IoT-Complex
171,12,12,24,1,1,1,1,1,1,1,1,1,1,1,1,1,1,1,1,1,1,1,1,1,1,1,1,Medical-Simple,IoT-Complex
172,11,9,20,1,1,1,1,1,1,1,1,1,1,1,0,1,1,1,1,1,1,0,0,1,1,1,0,Medical-Complex,IoT-Simple
173,10,5,15,1,1,0,1,1,1,0,1,1,1,1,1,1,0,0,0,0,1,0,0,1,0,1,1,Medical-Simple,IoT-Complex
174,11,10,21,1,1,1,1,1,1,0,1,1,1,1,1,1,1,1,1,1,0,0,1,1,1,1,1,Medical-Simple,IoT-Simple
175,12,11,23,1,1,1,1,1,1,1,1,1,1,1,1,1,1,1,1,1,1,1,0,1,1,1,1,Medical-Simple,IoT-Complex
176,8,5,13,1,1,0,0,1,1,1,1,1,1,0,0,0,0,0,0,1,1,1,0,0,1,1,0,Medical-Complex,IoT-Simple
177,10,11,21,1,1,1,1,1,1,0,1,1,1,0,1,1,1,1,1,1,1,1,1,1,1,0,1,Medical-Complex,IoT-Complex
178,12,12,24,1,1,1,1,1,1,1,1,1,1,1,1,1,1,1,1,1,1,1,1,1,1,1,1,Medical-Simple,IoT-Complex
179,11,11,22,1,1,1,1,1,1,0,1,1,1,1,1,1,1,1,1,1,1,1,1,1,0,1,1,Medical-Simple,IoT-Simple
180,8,9,17,1,1,1,1,0,1,1,0,1,0,1,0,1,1,1,1,1,1,1,0,1,0,1,0,Medical-Simple,IoT-Simple
181,9,8,17,1,1,1,1,1,1,1,1,0,0,1,0,1,0,1,1,1,1,1,0,0,0,1,1,Medical-Complex,IoT-Complex
182,9,10,19,1,1,0,0,1,1,0,1,1,1,1,1,1,0,0,1,1,1,1,1,1,1,1,1,Medical-Simple,IoT-Complex
183,10,11,21,1,1,1,1,1,1,1,0,1,0,1,1,1,1,1,1,1,1,1,1,1,0,1,1,Medical-Complex,IoT-Simple
184,6,7,13,1,0,1,1,0,1,1,0,1,0,0,0,1,1,1,1,0,1,0,0,1,0,0,1,Medical-Simple,IoT-Simple
185,11,10,21,1,1,1,0,1,1,1,1,1,1,1,1,1,1,1,0,1,1,1,1,1,0,1,1,Medical-Complex,IoT-Complex
186,7,7,14,1,1,0,0,1,1,1,1,0,1,0,0,1,1,1,0,1,1,0,0,1,1,0,0,Medical-Complex,IoT-Simple
187,12,12,24,1,1,1,1,1,1,1,1,1,1,1,1,1,1,1,1,1,1,1,1,1,1,1,1,Medical-Complex,IoT-Simple
188,12,12,24,1,1,1,1,1,1,1,1,1,1,1,1,1,1,1,1,1,1,1,1,1,1,1,1,Medical-Simple,IoT-Complex
189,10,10,20,1,1,1,1,1,1,1,1,1,1,0,0,1,1,1,1,1,1,1,1,1,1,0,0,Medical-Simple,IoT-Complex
190,11,12,23,1,1,1,1,1,1,1,1,1,0,1,1,1,1,1,1,1,1,1,1,1,1,1,1,Medical-Complex,IoT-Complex
191,11,10,21,1,1,1,0,1,1,1,1,1,1,1,1,1,1,1,1,1,1,1,1,0,0,1,1,Medical-Simple,IoT-Complex
192,9,10,19,1,1,1,1,1,1,0,1,1,0,1,0,1,1,1,1,1,1,1,0,1,0,1,1,Medical-Complex,IoT-Simple
193,5,9,14,1,1,0,1,0,0,1,1,0,0,0,0,1,1,0,1,1,1,1,0,1,0,1,1,Medical-Complex,IoT-Simple
194,9,9,18,1,1,1,1,1,1,0,0,1,0,1,1,1,1,1,1,1,1,0,0,1,0,1,1,Medical-Complex,IoT-Simple
195,11,6,17,1,1,1,0,1,1,1,1,1,1,1,1,1,0,0,0,1,1,1,0,0,1,1,0,Medical-Complex,IoT-Complex
196,11,10,21,1,1,1,1,1,1,1,0,1,1,1,1,1,1,1,1,1,0,1,0,1,1,1,1,Medical-Simple,IoT-Simple
197,11,7,18,1,1,1,1,1,1,1,1,1,1,1,0,1,1,1,1,0,1,0,0,1,0,1,0,Medical-Complex,IoT-Simple
198,9,7,16,1,1,1,1,1,1,0,1,1,1,0,0,1,1,0,1,1,1,0,0,1,1,0,0,Medical-Simple,IoT-Complex
199,11,11,22,1,1,1,1,1,1,1,1,1,0,1,1,1,1,1,1,1,1,1,1,1,0,1,1,Medical-Complex,IoT-Complex
200,11,11,22,1,1,1,1,1,1,1,1,1,1,1,0,1,1,1,1,1,1,1,1,1,1,1,0,Medical-Complex,IoT-Simple
201,10,9,19,1,1,1,1,1,1,1,0,1,1,1,0,1,1,1,1,1,1,0,1,0,1,1,0,Medical-Simple,IoT-Complex
202,10,11,21,1,1,0,0,1,1,1,1,1,1,1,1,1,1,1,1,1,1,0,1,1,1,1,1,Medical-Complex,IoT-Complex
203,8,8,16,1,1,0,0,1,1,1,1,1,1,0,0,1,0,0,0,1,1,1,1,1,1,1,0,Medical-Simple,IoT-Complex
204,9,9,18,1,1,1,1,1,1,1,0,1,0,1,0,1,0,1,1,1,1,1,0,1,0,1,1,Medical-Simple,IoT-Simple
205,8,9,17,1,1,1,1,1,0,1,0,1,0,0,1,1,1,1,1,1,1,1,0,1,0,0,1,Medical-Simple,IoT-Simple
206,10,11,21,1,1,1,1,1,1,0,0,1,1,1,1,1,1,1,1,1,1,1,0,1,1,1,1,Medical-Simple,IoT-Simple
207,9,10,19,1,1,1,1,1,1,0,0,1,0,1,1,1,1,1,1,1,1,1,0,1,0,1,1,Medical-Complex,IoT-Simple
208,3,6,9,1,1,0,0,0,1,0,0,0,0,0,0,1,0,0,1,1,1,0,0,0,1,1,0,Medical-Simple,IoT-Complex
209,10,10,20,1,0,1,1,1,1,1,1,1,1,1,0,1,1,1,1,1,0,1,0,1,1,1,1,Medical-Complex,IoT-Simple
210,10,10,20,1,1,1,1,1,1,0,1,1,0,1,1,1,1,1,1,1,1,0,1,1,0,1,1,Medical-Simple,IoT-Complex
211,10,9,19,1,1,1,1,1,1,1,1,1,1,0,0,1,1,1,1,1,1,1,0,1,1,0,0,Medical-Complex,IoT-Simple
212,9,9,18,1,1,0,1,1,1,1,1,1,0,1,0,1,1,0,1,1,1,1,0,1,0,1,1,Medical-Complex,IoT-Complex
213,11,9,20,1,1,1,1,1,1,1,1,1,0,1,1,1,1,1,1,1,0,0,1,1,0,1,1,Medical-Complex,IoT-Simple
214,9,9,18,1,1,1,1,1,0,1,1,1,0,0,1,1,1,1,1,1,0,1,1,1,0,0,1,Medical-Complex,IoT-Simple
215,11,12,23,1,1,1,1,1,1,0,1,1,1,1,1,1,1,1,1,1,1,1,1,1,1,1,1,Medical-Simple,IoT-Complex
216,5,5,10,0,0,0,0,1,1,1,0,0,1,1,0,0,0,0,0,1,1,1,0,0,1,1,0,Medical-Simple,IoT-Complex
217,7,6,13,0,1,1,1,0,0,0,0,1,1,1,1,1,1,0,1,0,0,0,0,1,0,1,1,Medical-Simple,IoT-Simple
218,8,4,12,1,1,1,1,1,1,1,0,1,0,0,0,1,0,0,0,1,0,1,0,1,0,0,0,Medical-Complex,IoT-Simple
219,10,11,21,1,1,1,1,1,0,1,1,1,0,1,1,1,1,1,1,1,1,1,1,1,0,1,1,Medical-Complex,IoT-Simple
220,7,3,10,1,1,0,1,0,1,1,1,0,1,0,0,0,0,0,0,1,1,0,0,0,1,0,0,Medical-Complex,IoT-Complex
221,9,9,18,1,1,1,1,1,1,0,0,1,1,0,1,1,1,1,1,1,1,1,0,0,0,1,1,Medical-Simple,IoT-Complex
222,7,7,14,1,1,1,1,0,1,0,0,1,0,1,0,1,1,1,1,0,1,0,0,1,0,1,0,Medical-Simple,IoT-Complex
223,10,12,22,1,1,1,1,1,1,0,1,1,0,1,1,1,1,1,1,1,1,1,1,1,1,1,1,Medical-Simple,IoT-Complex
224,12,12,24,1,1,1,1,1,1,1,1,1,1,1,1,1,1,1,1,1,1,1,1,1,1,1,1,Medical-Simple,IoT-Simple
225,9,8,17,1,1,0,0,1,1,1,1,1,1,1,0,1,1,0,0,1,1,0,1,1,1,1,0,Medical-Complex,IoT-Complex
226,8,7,15,1,1,0,0,1,1,1,0,1,1,1,0,1,1,0,0,1,1,1,0,0,1,1,0,Medical-Simple,IoT-Simple
227,11,9,20,1,1,1,1,1,1,1,1,1,1,0,1,1,1,1,1,1,1,1,0,0,1,0,1,Medical-Complex,IoT-Simple
228,10,9,19,1,1,1,1,1,1,1,1,1,1,0,0,1,1,1,1,1,1,0,0,1,1,1,0,Medical-Complex,IoT-Simple
229,10,9,19,1,1,0,1,1,1,1,1,0,1,1,1,1,1,0,0,1,1,1,1,0,1,1,1,Medical-Simple,IoT-Complex
230,11,10,21,1,1,1,1,1,1,1,1,1,1,0,1,1,1,1,1,1,1,1,1,1,1,0,0,Medical-Complex,IoT-Complex
231,9,4,13,1,1,0,1,1,1,1,0,1,1,1,0,0,0,0,0,1,1,0,0,0,1,1,0,Medical-Complex,IoT-Simple
232,5,7,12,1,0,0,0,0,1,1,1,0,1,0,0,1,0,0,0,1,1,1,1,0,0,1,1,Medical-Simple,IoT-Complex
233,11,9,20,1,1,1,1,1,1,1,1,1,1,1,0,1,1,1,1,1,1,0,0,1,0,1,1,Medical-Complex,IoT-Simple
234,11,9,20,1,1,1,1,1,1,1,1,1,0,1,1,1,1,1,1,1,1,0,1,1,0,1,0,Medical-Complex,IoT-Complex
235,6,5,11,1,0,0,0,1,1,1,0,0,1,0,1,0,0,0,0,1,1,1,0,0,1,1,0,Medical-Simple,IoT-Simple
236,9,8,17,1,1,1,1,1,1,1,1,1,0,0,0,1,1,0,1,1,1,1,0,1,0,0,1,Medical-Complex,IoT-Complex
237,8,6,14,1,1,0,0,1,1,1,1,1,1,0,0,1,1,0,0,0,1,1,0,1,1,0,0,Medical-Simple,IoT-Complex
238,10,9,19,1,1,1,1,1,1,1,1,0,1,1,0,1,1,1,1,1,1,0,0,1,1,1,0,Medical-Complex,IoT-Complex
239,7,7,14,1,1,0,0,1,1,1,1,0,1,0,0,1,1,0,0,1,1,1,1,0,1,0,0,Medical-Simple,IoT-Simple
240,10,8,18,1,1,0,0,1,1,1,1,1,1,1,1,1,1,0,0,0,1,1,1,1,0,1,1,Medical-Simple,IoT-Simple
241,11,10,21,1,1,1,0,1,1,1,1,1,1,1,1,1,1,1,0,1,1,0,1,1,1,1,1,Medical-Simple,IoT-Simple
242,7,7,14,1,1,1,1,1,0,0,0,1,0,0,1,1,1,1,1,1,0,0,0,1,0,0,1,Medical-Simple,IoT-Simple
243,8,6,14,1,1,0,0,1,1,1,1,0,1,1,0,1,0,0,0,1,1,1,0,0,1,1,0,Medical-Simple,IoT-Complex
244,7,6,13,1,1,1,1,1,1,0,0,1,0,0,0,1,0,1,1,1,1,0,0,0,1,0,0,Medical-Simple,IoT-Simple
245,11,10,21,1,1,1,1,1,1,1,1,1,0,1,1,1,1,1,1,1,1,1,0,1,0,1,1,Medical-Complex,IoT-Simple
246,9,9,18,1,1,1,1,1,0,1,0,1,0,1,1,1,1,1,1,1,0,1,0,1,0,1,1,Medical-Complex,IoT-Complex
247,9,10,19,1,1,1,0,1,1,1,1,1,1,0,0,1,1,1,1,1,1,1,1,1,1,0,0,Medical-Simple,IoT-Simple
248,7,10,17,1,1,0,1,1,1,0,0,1,1,0,0,1,1,1,1,1,1,1,1,1,1,0,0,Medical-Simple,IoT-Simple
249,9,8,17,1,1,0,1,1,1,1,1,0,1,1,0,1,1,0,0,1,1,1,0,1,1,1,0,Medical-Complex,IoT-Simple
250,5,8,13,0,0,1,0,0,1,1,0,1,1,0,0,1,0,1,0,1,1,1,1,0,1,1,0,Medical-Complex,IoT-Complex
251,11,11,22,1,1,1,1,1,1,1,0,1,1,1,1,1,1,1,1,1,1,1,0,1,1,1,1,Medical-Simple,IoT-Simple
252,10,10,20,1,1,1,1,1,1,1,0,1,0,1,1,1,1,1,1,1,1,0,1,1,0,1,1,Medical-Simple,IoT-Complex
253,10,11,21,1,1,1,1,1,1,0,1,1,1,0,1,1,1,1,1,1,1,1,1,1,1,0,1,Medical-Complex,IoT-Complex
254,9,10,19,1,1,0,1,1,1,0,0,1,1,1,1,1,1,1,1,1,1,1,0,1,0,1,1,Medical-Simple,IoT-Complex
255,9,10,19,1,1,1,1,1,0,0,1,1,0,1,1,1,1,1,1,1,1,1,0,1,0,1,1,Medical-Simple,IoT-Simple
256,11,10,21,1,1,1,1,0,1,1,1,1,1,1,1,1,1,0,1,1,1,0,1,1,1,1,1,Medical-Complex,IoT-Complex
257,12,11,23,1,1,1,1,1,1,1,1,1,1,1,1,1,1,1,1,1,1,1,1,0,1,1,1,Medical-Complex,IoT-Complex
258,9,10,19,1,1,1,1,1,1,1,0,0,0,1,1,1,1,1,1,1,1,1,0,1,0,1,1,Medical-Simple,IoT-Complex
259,11,11,22,1,1,1,1,1,1,1,1,1,0,1,1,1,1,1,1,1,1,1,1,1,0,1,1,Medical-Complex,IoT-Simple
260,9,9,18,1,1,1,1,1,1,1,0,1,1,0,0,1,1,1,1,1,1,1,0,1,1,0,0,Medical-Simple,IoT-Complex
261,8,5,13,1,1,0,0,1,1,1,1,1,0,1,0,1,1,0,0,0,1,0,0,1,0,1,0,Medical-Complex,IoT-Simple
262,9,9,18,1,1,1,1,1,1,0,0,1,0,1,1,1,1,1,1,1,1,0,0,1,0,1,1,Medical-Simple,IoT-Complex
263,10,9,19,1,1,1,1,1,1,1,1,1,0,1,0,1,1,1,1,0,1,1,1,1,0,1,0,Medical-Simple,IoT-Complex
264,10,10,20,1,1,1,1,1,1,0,1,1,1,1,0,1,1,1,1,1,1,0,1,1,1,1,0,Medical-Complex,IoT-Simple
265,7,8,15,0,1,1,1,1,0,1,0,0,1,0,1,1,1,0,1,1,1,0,0,1,1,0,1,Medical-Simple,IoT-Simple
266,6,6,12,1,1,0,1,1,1,1,0,0,0,0,0,0,1,0,0,1,0,1,0,1,0,1,1,Medical-Complex,IoT-Simple
267,10,12,22,1,1,1,1,1,1,1,0,1,0,1,1,1,1,1,1,1,1,1,1,1,1,1,1,Medical-Complex,IoT-Complex
268,10,10,20,1,1,0,0,1,1,1,1,1,1,1,1,1,1,0,0,1,1,1,1,1,1,1,1,Medical-Complex,IoT-Simple
269,8,7,15,1,1,0,1,1,1,1,0,1,0,0,1,1,1,1,1,0,1,0,0,1,0,0,1,Medical-Complex,IoT-Simple
270,9,10,19,1,1,1,1,1,1,0,1,1,1,0,0,1,1,1,1,1,1,1,1,1,1,0,0,Medical-Simple,IoT-Simple
271,10,10,20,1,1,1,1,1,1,1,1,1,1,0,0,1,1,1,1,1,1,1,1,1,1,0,0,Medical-Complex,IoT-Complex
272,10,10,20,1,1,1,1,1,1,1,0,1,0,1,1,1,1,1,1,1,1,1,0,1,0,1,1,Medical-Simple,IoT-Simple
273,12,10,22,1,1,1,1,1,1,1,1,1,1,1,1,1,1,1,1,1,1,0,0,1,1,1,1,Medical-Simple,IoT-Simple
274,11,11,22,1,1,1,1,1,1,0,1,1,1,1,1,1,1,1,1,1,1,1,0,1,1,1,1,Medical-Complex,IoT-Simple
275,9,8,17,1,1,1,1,1,1,1,0,1,0,0,1,1,1,1,1,1,1,0,0,1,0,0,1,Medical-Simple,IoT-Simple
276,12,12,24,1,1,1,1,1,1,1,1,1,1,1,1,1,1,1,1,1,1,1,1,1,1,1,1,Medical-Simple,IoT-Complex
277,10,7,17,1,1,1,1,1,1,1,1,1,0,0,1,1,1,1,1,1,1,0,1,0,0,0,0,Medical-Complex,IoT-Complex
278,4,6,10,0,0,1,1,0,0,0,0,0,1,0,1,0,1,1,1,1,1,1,0,0,0,0,0,Medical-Complex,IoT-Complex
279,10,8,18,1,1,1,1,1,1,1,1,1,1,0,0,1,1,1,1,1,1,0,0,1,1,0,0,Medical-Complex,IoT-Simple
280,11,11,22,1,1,1,1,1,1,1,1,1,0,1,1,1,1,1,1,1,1,1,1,1,0,1,1,Medical-Complex,IoT-Complex
281,12,12,24,1,1,1,1,1,1,1,1,1,1,1,1,1,1,1,1,1,1,1,1,1,1,1,1,Medical-Complex,IoT-Complex
282,8,9,17,1,1,0,0,1,1,1,0,1,0,1,1,1,1,1,0,1,1,1,0,1,0,1,1,Medical-Complex,IoT-Simple
283,11,12,23,1,1,1,1,1,1,1,1,1,0,1,1,1,1,1,1,1,1,1,1,1,1,1,1,Medical-Simple,IoT-Simple
284,6,7,13,1,1,1,0,1,1,1,0,0,0,0,0,1,1,1,1,1,1,0,1,0,0,0,0,Medical-Simple,IoT-Simple
285,12,11,23,1,1,1,1,1,1,1,1,1,1,1,1,1,1,1,1,1,1,0,1,1,1,1,1,Medical-Complex,IoT-Complex
286,6,7,13,1,0,0,0,1,1,1,1,0,0,1,0,1,0,0,0,1,1,1,0,1,1,1,0,Medical-Simple,IoT-Complex
287,8,7,15,1,1,1,1,1,1,0,0,1,0,0,1,1,1,1,1,0,1,0,0,1,0,0,1,Medical-Simple,IoT-Complex
288,8,7,15,1,1,0,0,1,1,1,1,0,1,1,0,1,0,1,1,1,1,0,0,1,0,1,0,Medical-Complex,IoT-Complex
289,6,6,12,1,1,1,1,1,0,0,1,0,0,0,0,1,0,1,1,1,0,0,0,1,1,0,0,Medical-Simple,IoT-Complex
290,9,6,15,1,1,0,0,1,1,1,1,0,1,1,1,1,0,0,0,1,1,0,0,0,1,1,1,Medical-Complex,IoT-Complex
291,8,8,16,1,1,1,1,0,0,0,0,1,1,1,1,1,1,1,1,0,0,1,0,1,0,1,1,Medical-Simple,IoT-Simple
292,9,8,17,1,1,1,1,1,1,0,0,1,0,1,1,1,1,1,1,0,0,1,0,1,0,1,1,Medical-Simple,IoT-Complex
293,9,9,18,1,1,0,1,1,1,1,0,1,1,1,0,1,1,0,1,1,1,0,0,1,1,1,1,Medical-Complex,IoT-Simple
294,9,9,18,1,1,0,1,1,1,1,1,0,1,1,0,1,1,0,1,1,1,1,1,0,1,1,0,Medical-Simple,IoT-Simple
295,9,6,15,1,1,1,1,1,1,0,1,0,0,1,1,1,0,0,1,0,1,0,0,1,0,1,1,Medical-Complex,IoT-Complex
296,10,9,19,1,1,0,1,1,1,1,1,1,1,0,1,1,1,0,1,1,1,1,0,1,1,0,1,Medical-Complex,IoT-Simple
297,7,7,14,1,1,1,1,0,0,0,1,1,0,0,1,1,1,1,1,0,0,0,1,1,0,0,1,Medical-Complex,IoT-Simple
298,8,7,15,1,1,1,1,0,1,1,1,1,0,0,0,1,0,1,0,0,1,1,0,1,1,1,0,Medical-Simple,IoT-Complex
299,11,11,22,1,1,1,1,1,1,1,1,1,1,0,1,1,1,1,1,1,1,1,1,1,1,0,1,Medical-Complex,IoT-Complex
300,6,7,13,0,0,0,0,1,1,1,1,0,1,1,0,1,0,1,1,0,1,1,0,1,0,1,0,Medical-Complex,IoT-Complex
301,6,5,11,1,1,0,1,0,1,0,0,1,1,0,0,1,0,0,0,1,0,0,0,1,0,1,1,Medical-Complex,IoT-Simple
302,12,9,21,1,1,1,1,1,1,1,1,1,1,1,1,1,1,1,1,1,1,0,0,1,0,1,1,Medical-Simple,IoT-Simple
303,9,10,19,1,1,1,0,1,1,1,0,0,1,1,1,1,0,1,1,1,1,1,1,1,0,1,1,Medical-Simple,IoT-Simple
304,8,9,17,1,1,0,1,1,1,0,0,1,1,1,0,1,1,0,1,1,1,1,0,1,1,1,0,Medical-Simple,IoT-Complex
305,4,6,10,0,0,0,0,0,0,1,1,0,1,0,1,0,1,1,0,0,1,1,1,0,0,0,1,Medical-Simple,IoT-Simple
306,9,8,17,1,1,1,1,1,0,1,1,1,0,0,1,1,1,1,1,0,0,1,1,1,0,0,1,Medical-Complex,IoT-Simple
307,8,7,15,1,1,0,0,1,1,1,1,0,1,1,0,1,1,0,0,1,1,1,0,0,1,1,0,Medical-Simple,IoT-Complex
308,7,7,14,1,1,0,0,1,1,0,1,0,0,1,1,1,1,1,1,1,0,0,0,0,1,1,0,Medical-Complex,IoT-Complex
309,8,10,18,1,0,1,1,1,0,0,1,1,1,1,0,1,1,1,0,1,1,1,0,1,1,1,1,Medical-Complex,IoT-Simple
310,9,10,19,1,1,1,1,1,0,1,1,1,0,0,1,1,1,1,1,1,1,1,1,1,0,0,1,Medical-Complex,IoT-Complex
311,10,9,19,1,1,1,1,1,1,1,1,0,1,1,0,1,1,0,1,1,1,1,1,0,1,1,0,Medical-Complex,IoT-Complex
312,11,10,21,1,1,1,1,1,1,1,1,0,1,1,1,1,1,1,1,1,1,1,1,0,0,1,1,Medical-Complex,IoT-Complex
313,8,8,16,1,1,0,0,1,1,1,0,1,1,1,0,1,1,0,0,1,1,1,0,1,1,1,0,Medical-Complex,IoT-Simple
314,10,8,18,1,1,1,1,1,0,1,1,1,0,1,1,1,1,1,0,1,1,1,0,1,0,1,0,Medical-Simple,IoT-Simple
315,10,9,19,1,1,0,0,1,1,1,1,1,1,1,1,1,1,0,0,1,1,1,1,1,1,1,0,Medical-Complex,IoT-Simple
316,9,10,19,1,1,1,1,1,1,1,0,1,0,0,1,1,1,1,1,1,1,1,0,1,0,1,1,Medical-Simple,IoT-Simple
317,11,9,20,1,1,1,1,1,1,1,1,1,1,0,1,1,1,1,1,1,1,0,1,1,1,0,0,Medical-Simple,IoT-Complex
318,12,11,23,1,1,1,1,1,1,1,1,1,1,1,1,1,1,1,1,1,1,1,0,1,1,1,1,Medical-Complex,IoT-Simple
319,11,12,23,1,1,1,1,1,1,0,1,1,1,1,1,1,1,1,1,1,1,1,1,1,1,1,1,Medical-Simple,IoT-Complex
320,8,9,17,1,1,1,1,1,1,0,0,0,0,1,1,1,1,1,1,1,1,0,0,1,0,1,1,Medical-Simple,IoT-Complex
321,10,10,20,1,1,1,1,1,1,1,0,1,1,1,0,1,1,1,1,1,1,1,0,1,1,1,0,Medical-Simple,IoT-Complex
322,10,9,19,1,1,1,1,1,1,0,1,1,0,1,1,1,1,1,1,1,1,0,0,1,0,1,1,Medical-Simple,IoT-Simple
323,10,11,21,1,1,1,1,1,1,1,0,1,0,1,1,1,1,1,1,1,1,1,1,1,0,1,1,Medical-Simple,IoT-Simple
324,11,11,22,1,1,1,1,1,1,1,1,1,1,0,1,1,1,1,1,1,1,1,1,1,1,0,1,Medical-Simple,IoT-Complex
325,10,11,21,1,1,1,1,1,1,0,1,1,0,1,1,1,1,1,1,1,1,1,1,1,0,1,1,Medical-Complex,IoT-Complex
326,8,6,14,1,1,1,0,1,0,1,1,1,1,0,0,1,1,0,0,0,0,1,1,1,1,0,0,Medical-Complex,IoT-Complex
327,9,11,20,1,1,1,1,1,1,0,1,1,0,1,0,1,1,1,1,1,1,1,1,1,0,1,1,Medical-Simple,IoT-Simple
328,11,11,22,1,1,1,1,1,1,1,1,1,1,0,1,1,1,1,1,1,1,1,1,1,1,0,1,Medical-Complex,IoT-Complex
329,7,7,14,1,0,0,1,1,1,1,0,1,0,1,0,1,1,1,1,1,0,1,0,0,0,1,0,Medical-Complex,IoT-Simple
330,10,10,20,1,1,1,1,1,1,1,0,1,1,0,1,1,1,1,1,1,1,1,0,1,0,1,1,Medical-Simple,IoT-Simple
331,8,8,16,1,1,0,0,1,1,1,0,1,1,0,1,1,1,0,0,1,1,0,1,1,1,0,1,Medical-Complex,IoT-Simple
332,7,6,13,1,0,0,0,1,1,1,0,0,1,1,1,1,0,0,0,1,0,1,0,0,1,1,1,Medical-Complex,IoT-Complex
333,10,10,20,1,1,1,1,1,0,1,0,1,1,1,1,1,1,1,1,1,0,1,0,1,1,1,1,Medical-Complex,IoT-Simple
334,10,9,19,1,1,1,1,1,1,0,0,1,1,1,1,1,1,1,1,1,1,0,0,1,0,1,1,Medical-Simple,IoT-Complex
335,11,12,23,1,1,1,1,1,1,1,1,1,0,1,1,1,1,1,1,1,1,1,1,1,1,1,1,Medical-Complex,IoT-Complex
336,10,10,20,1,1,1,1,1,1,1,1,1,1,0,0,1,1,1,1,1,1,1,1,1,1,0,0,Medical-Simple,IoT-Simple
337,11,11,22,1,1,1,1,1,1,1,1,1,1,0,1,1,1,1,1,1,1,1,1,1,1,0,1,Medical-Simple,IoT-Complex
338,12,10,22,1,1,1,1,1,1,1,1,1,1,1,1,1,1,1,1,1,1,1,0,1,0,1,1,Medical-Complex,IoT-Simple
339,9,10,19,1,1,0,1,1,1,1,1,1,1,0,0,1,1,1,1,1,1,0,1,1,1,1,0,Medical-Complex,IoT-Simple
340,10,9,19,1,1,0,1,1,1,1,0,1,1,1,1,1,1,1,1,1,1,0,0,1,0,1,1,Medical-Simple,IoT-Complex
341,11,11,22,1,1,1,1,1,1,1,1,1,1,0,1,1,1,1,1,1,1,1,1,1,1,0,1,Medical-Simple,IoT-Simple
342,12,12,24,1,1,1,1,1,1,1,1,1,1,1,1,1,1,1,1,1,1,1,1,1,1,1,1,Medical-Complex,IoT-Complex
343,10,9,19,1,1,1,1,0,1,1,1,1,1,0,1,1,1,1,1,1,1,0,1,1,0,0,1,Medical-Simple,IoT-Simple
344,11,11,22,1,1,1,1,1,1,1,1,1,1,1,0,1,1,1,1,1,1,1,1,1,1,1,0,Medical-Simple,IoT-Complex
345,10,10,20,1,1,1,1,1,1,1,0,1,1,0,1,1,1,1,1,1,1,1,0,1,1,0,1,Medical-Complex,IoT-Complex
346,8,8,16,1,1,0,0,1,1,1,1,0,1,1,0,1,1,0,0,1,1,1,1,0,1,1,0,Medical-Simple,IoT-Simple
347,9,9,18,1,0,1,1,1,1,1,0,1,1,1,0,1,1,0,1,1,1,1,0,1,1,1,0,Medical-Simple,IoT-Complex
348,11,9,20,1,1,1,1,1,1,1,1,1,0,1,1,1,1,1,1,1,1,0,0,1,0,1,1,Medical-Complex,IoT-Complex
349,9,9,18,1,1,1,1,1,1,0,1,1,0,0,1,1,1,1,1,1,1,0,1,1,0,0,1,Medical-Complex,IoT-Simple
350,7,6,13,1,1,0,0,1,0,0,1,1,1,0,1,1,1,0,0,1,0,0,0,1,1,0,1,Medical-Simple,IoT-Simple
351,9,6,15,1,0,1,1,1,0,1,1,1,1,1,0,1,0,1,1,0,0,1,0,0,1,0,1,Medical-Complex,IoT-Simple
352,9,10,19,1,1,1,1,0,1,0,1,1,0,1,1,1,1,1,1,1,1,0,1,1,0,1,1,Medical-Simple,IoT-Complex
353,10,9,19,1,1,1,1,1,1,1,1,1,1,0,0,1,1,1,1,1,1,1,0,1,1,0,0,Medical-Complex,IoT-Simple
354,8,8,16,1,1,1,1,0,0,0,1,1,1,0,1,1,1,1,1,0,0,1,0,1,1,0,1,Medical-Simple,IoT-Complex
355,11,10,21,1,1,1,1,1,1,1,0,1,1,1,1,1,1,1,0,1,1,1,0,1,1,1,1,Medical-Simple,IoT-Complex
356,7,7,14,1,1,1,1,1,0,1,0,1,0,0,0,1,1,1,1,0,0,1,1,1,0,0,0,Medical-Complex,IoT-Simple
357,9,7,16,1,1,1,1,0,1,0,1,1,0,1,1,1,1,1,1,0,0,0,1,1,0,1,0,Medical-Complex,IoT-Simple
358,10,9,19,1,1,0,1,1,1,1,1,1,1,1,0,1,1,0,0,1,1,1,1,1,1,1,0,Medical-Simple,IoT-Complex
359,11,11,22,1,1,1,1,1,1,1,1,1,0,1,1,1,1,1,1,1,1,1,1,1,0,1,1,Medical-Simple,IoT-Complex
360,10,9,19,1,1,1,1,1,1,1,1,1,0,1,0,1,1,1,1,1,1,1,0,1,0,1,0,Medical-Complex,IoT-Simple
361,9,10,19,1,1,1,1,1,1,1,1,1,0,0,0,1,1,1,1,1,1,1,1,1,0,0,1,Medical-Simple,IoT-Simple
362,5,5,10,0,0,0,0,1,1,1,0,0,1,1,0,0,0,0,0,1,1,0,0,0,1,1,1,Medical-Simple,IoT-Complex
363,11,9,20,1,1,1,1,1,1,1,1,1,1,0,1,1,1,1,1,1,1,0,1,1,1,0,0,Medical-Complex,IoT-Simple
364,5,7,12,1,0,0,0,1,1,1,0,0,1,0,0,1,0,0,0,1,1,1,1,0,1,1,0,Medical-Simple,IoT-Simple
365,5,3,8,1,1,0,0,1,0,1,0,0,0,1,0,0,0,0,1,0,1,1,0,0,0,0,0,Medical-Complex,IoT-Simple
366,12,12,24,1,1,1,1,1,1,1,1,1,1,1,1,1,1,1,1,1,1,1,1,1,1,1,1,Medical-Complex,IoT-Complex
367,7,7,14,1,0,0,0,1,1,1,1,0,1,1,0,1,1,0,0,1,1,1,0,0,1,1,0,Medical-Complex,IoT-Complex
368,8,6,14,1,1,1,0,1,1,0,0,1,0,1,1,1,0,1,1,1,1,0,0,0,0,1,0,Medical-Complex,IoT-Simple
369,6,8,14,1,1,0,0,1,1,1,0,0,0,1,0,1,1,1,0,1,1,1,0,1,0,1,0,Medical-Complex,IoT-Complex
370,12,12,24,1,1,1,1,1,1,1,1,1,1,1,1,1,1,1,1,1,1,1,1,1,1,1,1,Medical-Simple,IoT-Complex
371,5,6,11,1,1,0,1,1,0,0,0,1,0,0,0,1,1,0,1,1,0,0,1,1,0,0,0,Medical-Simple,IoT-Simple
372,9,8,17,1,1,1,1,1,0,1,1,1,0,0,1,1,1,1,1,1,0,1,0,1,0,0,1,Medical-Complex,IoT-Complex
373,8,9,17,1,1,1,1,1,0,0,0,1,0,1,1,1,1,1,1,1,0,1,0,1,0,1,1,Medical-Simple,IoT-Simple
374,12,8,20,1,1,1,1,1,1,1,1,1,1,1,1,1,1,1,0,1,1,0,0,1,1,1,0,Medical-Simple,IoT-Complex
375,11,11,22,1,1,1,1,1,1,1,1,1,1,0,1,1,1,1,1,1,1,1,0,1,1,1,1,Medical-Simple,IoT-Complex
376,9,9,18,1,1,1,1,1,0,1,0,1,0,1,1,1,1,1,1,1,0,1,0,1,0,1,1,Medical-Simple,IoT-Simple
377,10,9,19,1,1,1,1,1,1,1,0,1,1,0,1,1,1,1,1,1,0,1,0,1,1,0,1,Medical-Complex,IoT-Simple
378,10,10,20,1,1,1,1,1,1,1,1,1,0,0,1,1,1,1,1,1,1,1,1,1,0,0,1,Medical-Complex,IoT-Complex
379,9,6,15,1,1,0,0,1,1,1,1,1,1,1,0,1,0,0,1,1,0,1,0,0,1,1,0,Medical-Simple,IoT-Simple
380,10,8,18,1,1,1,1,1,0,1,1,1,0,1,1,1,1,1,1,1,0,0,0,1,0,1,1,Medical-Complex,IoT-Complex
381,11,8,19,1,1,1,1,1,1,0,1,1,1,1,1,1,1,1,1,1,0,0,0,1,0,1,1,Medical-Complex,IoT-Complex
382,9,10,19,1,1,1,1,1,1,0,0,1,0,1,1,1,1,1,1,1,1,1,0,1,0,1,1,Medical-Simple,IoT-Complex
383,9,9,18,1,1,1,1,1,1,0,1,1,0,1,0,1,1,1,1,1,1,0,1,1,0,1,0,Medical-Complex,IoT-Simple
384,10,10,20,1,1,1,1,1,1,1,1,1,0,0,1,1,1,1,1,1,1,1,0,1,0,1,1,Medical-Complex,IoT-Complex
385,11,10,21,1,1,1,1,1,1,1,1,1,1,0,1,1,1,1,1,1,1,1,0,1,1,0,1,Medical-Simple,IoT-Complex
386,6,5,11,1,1,0,0,1,1,1,0,1,0,0,0,1,0,0,0,1,1,1,0,1,0,0,0,Medical-Simple,IoT-Simple
387,9,11,20,1,1,1,1,1,1,0,0,1,0,1,1,1,1,1,1,1,1,1,0,1,1,1,1,Medical-Complex,IoT-Complex
388,11,9,20,1,1,1,1,1,1,1,1,1,0,1,1,1,1,1,1,1,1,1,0,0,0,1,1,Medical-Simple,IoT-Complex
389,6,10,16,1,0,1,0,1,0,1,0,0,0,1,1,1,1,1,1,1,1,1,0,1,0,1,1,Medical-Simple,IoT-Complex
390,11,12,23,1,1,1,1,1,1,1,1,1,0,1,1,1,1,1,1,1,1,1,1,1,1,1,1,Medical-Complex,IoT-Simple
391,10,9,19,1,1,1,1,1,1,1,1,1,1,0,0,1,1,1,1,1,0,1,1,1,1,0,0,Medical-Simple,IoT-Simple
392,12,11,23,1,1,1,1,1,1,1,1,1,1,1,1,1,0,1,1,1,1,1,1,1,1,1,1,Medical-Complex,IoT-Complex
393,7,7,14,1,1,1,1,1,0,1,0,1,0,0,0,1,1,1,1,1,1,0,0,1,0,0,0,Medical-Complex,IoT-Simple
394,10,11,21,1,1,1,1,1,1,1,1,1,1,0,0,1,1,1,1,1,1,1,1,1,1,0,1,Medical-Complex,IoT-Simple
395,7,7,14,1,1,1,1,1,0,1,0,1,0,0,0,1,1,0,0,1,1,0,0,1,1,1,0,Medical-Simple,IoT-Complex
396,10,11,21,1,1,1,1,1,1,1,1,1,0,0,1,1,1,1,1,1,1,1,1,1,1,0,1,Medical-Complex,IoT-Complex
397,10,12,22,1,1,1,1,1,0,1,0,1,1,1,1,1,1,1,1,1,1,1,1,1,1,1,1,Medical-Simple,IoT-Complex
398,9,9,18,1,1,1,1,1,1,1,0,1,1,0,0,1,1,1,1,1,1,1,0,1,1,0,0,Medical-Simple,IoT-Simple
399,12,12,24,1,1,1,1,1,1,1,1,1,1,1,1,1,1,1,1,1,1,1,1,1,1,1,1,Medical-Simple,IoT-Simple
400,8,9,17,1,1,1,1,1,1,0,0,1,0,0,1,1,1,1,1,1,1,1,0,1,0,0,1,Medical-Simple,IoT-Simple
401,4,4,8,0,0,0,0,1,0,1,1,0,1,0,0,0,0,0,0,1,0,1,1,0,1,0,0,Medical-Complex,IoT-Complex
402,10,9,19,1,1,1,1,1,0,1,1,1,0,1,1,1,1,1,1,1,0,1,0,1,0,1,1,Medical-Complex,IoT-Simple
403,9,8,17,1,1,1,1,1,1,0,0,1,0,1,1,1,1,1,1,1,0,0,0,1,0,1,1,Medical-Simple,IoT-Simple
404,3,7,10,0,0,1,1,1,0,0,0,0,0,0,0,1,0,0,0,1,1,1,1,1,0,1,0,Medical-Complex,IoT-Complex
405,10,8,18,1,1,1,1,1,1,1,1,1,1,0,0,1,0,1,1,1,1,1,0,1,1,0,0,Medical-Simple,IoT-Complex
406,8,8,16,1,1,1,1,1,0,0,0,1,0,1,1,1,1,1,1,1,0,0,0,1,0,1,1,Medical-Complex,IoT-Simple
407,11,10,21,1,0,1,1,1,1,1,1,1,1,1,1,1,1,1,1,1,1,1,1,0,1,1,0,Medical-Simple,IoT-Simple
408,11,10,21,1,1,1,1,1,1,1,1,1,0,1,1,1,1,1,1,1,1,0,1,1,0,1,1,Medical-Complex,IoT-Complex
409,8,8,16,1,1,1,1,1,1,0,0,1,1,0,0,1,0,1,1,1,1,1,0,1,1,0,0,Medical-Simple,IoT-Simple
410,11,8,19,1,1,1,1,1,1,1,0,1,1,1,1,1,1,1,1,1,1,0,0,1,0,0,1,Medical-Complex,IoT-Complex
411,10,10,20,1,1,1,1,1,1,1,0,1,0,1,1,1,1,1,1,1,1,1,0,1,0,1,1,Medical-Complex,IoT-Complex
412,10,9,19,1,1,1,1,1,1,1,1,1,1,0,0,1,1,1,1,1,1,1,1,0,1,0,0,Medical-Simple,IoT-Simple
413,8,7,15,1,1,1,1,1,1,0,0,1,0,0,1,1,1,0,1,1,0,1,0,1,0,0,1,Medical-Simple,IoT-Simple
414,9,7,16,1,1,0,0,1,1,0,1,1,1,1,1,1,1,0,0,0,1,0,0,1,1,1,1,Medical-Complex,IoT-Simple
415,10,9,19,1,1,1,0,1,1,1,0,1,1,1,1,1,1,1,0,1,0,1,1,0,1,1,1,Medical-Simple,IoT-Complex
416,8,6,14,1,0,1,0,1,1,1,1,1,1,0,0,1,0,1,0,1,1,1,0,0,1,0,0,Medical-Complex,IoT-Complex
417,9,8,17,1,1,1,1,1,1,0,0,1,0,1,1,1,0,0,1,1,1,1,0,1,1,0,1,Medical-Complex,IoT-Simple
418,9,8,17,1,1,1,1,1,0,1,1,1,0,0,1,1,1,1,1,0,0,1,1,1,0,0,1,Medical-Complex,IoT-Complex
419,10,10,20,1,1,1,1,1,1,1,0,1,0,1,1,1,1,1,1,1,1,1,0,1,0,1,1,Medical-Simple,IoT-Simple
420,9,10,19,1,1,0,0,1,1,1,1,1,1,1,0,1,1,1,0,1,1,1,1,1,1,1,0,Medical-Complex,IoT-Complex
421,7,10,17,1,1,0,1,1,1,0,0,1,1,0,0,1,1,1,1,1,1,1,1,1,1,0,0,Medical-Simple,IoT-Simple
422,11,10,21,1,1,1,1,1,1,1,1,1,1,0,1,1,1,1,1,1,1,1,1,1,1,0,0,Medical-Simple,IoT-Complex
423,10,10,20,1,1,1,1,1,1,1,1,0,1,1,0,1,1,1,1,1,1,1,1,0,1,1,0,Medical-Simple,IoT-Simple
424,4,6,10,0,1,0,0,1,1,0,0,0,1,0,0,0,1,0,0,1,1,0,0,0,1,1,1,Medical-Simple,IoT-Simple
425,11,10,21,1,1,1,1,1,1,1,1,1,1,1,0,1,1,1,1,1,1,0,1,1,1,1,0,Medical-Complex,IoT-Simple
426,10,9,19,0,1,1,1,1,1,1,1,1,1,1,0,0,1,1,1,1,1,1,0,1,1,1,0,Medical-Simple,IoT-Complex
427,10,10,20,1,1,1,1,1,1,1,0,1,0,1,1,1,1,1,1,1,1,0,1,1,0,1,1,Medical-Complex,IoT-Complex
428,11,10,21,1,1,1,1,1,1,1,1,1,0,1,1,1,1,1,1,1,1,1,0,1,0,1,1,Medical-Complex,IoT-Complex
429,8,9,17,1,0,1,0,1,1,1,1,0,1,1,0,1,1,1,0,1,1,1,1,0,1,1,0,Medical-Complex,IoT-Complex
430,11,11,22,1,1,1,1,1,1,0,1,1,1,1,1,1,1,1,1,1,1,0,1,1,1,1,1,Medical-Simple,IoT-Simple
431,11,9,20,1,1,1,1,1,1,1,0,1,1,1,1,1,1,1,1,1,0,1,0,1,0,1,1,Medical-Complex,IoT-Complex
432,9,10,19,1,1,0,1,1,1,1,1,1,0,1,0,1,1,0,1,1,1,1,1,1,1,1,0,Medical-Complex,IoT-Simple
433,8,9,17,1,1,0,1,1,1,0,1,1,1,0,0,1,1,0,1,1,1,1,1,1,1,0,0,Medical-Simple,IoT-Complex
434,12,12,24,1,1,1,1,1,1,1,1,1,1,1,1,1,1,1,1,1,1,1,1,1,1,1,1,Medical-Complex,IoT-Complex
435,9,10,19,1,1,1,1,0,1,0,1,1,0,1,1,1,1,1,1,1,1,0,0,1,1,1,1,Medical-Simple,IoT-Simple
436,6,5,11,1,0,1,0,1,1,1,0,0,1,0,0,1,0,0,0,1,1,0,0,1,1,0,0,Medical-Simple,IoT-Simple
437,6,7,13,1,1,1,1,1,0,0,0,0,0,0,1,0,1,1,0,1,0,1,0,1,1,0,1,Medical-Simple,IoT-Simple
438,7,8,15,1,1,1,1,0,0,0,1,1,0,0,1,1,0,1,1,0,0,1,0,1,1,1,1,Medical-Complex,IoT-Complex
439,8,8,16,1,1,0,0,1,1,1,1,1,1,0,0,1,1,0,0,1,1,1,1,1,1,0,0,Medical-Complex,IoT-Simple
440,12,11,23,1,1,1,1,1,1,1,1,1,1,1,1,1,1,1,1,1,1,1,0,1,1,1,1,Medical-Simple,IoT-Complex
441,7,8,15,1,1,0,0,1,1,0,1,1,1,0,0,1,1,1,0,1,1,0,0,1,1,1,0,Medical-Simple,IoT-Simple
442,7,8,15,1,0,0,0,1,1,1,1,0,1,1,0,1,1,0,0,1,1,1,1,0,1,1,0,Medical-Complex,IoT-Complex
443,8,10,18,1,1,1,1,1,1,0,1,1,0,0,0,1,1,1,1,1,1,1,1,1,1,0,0,Medical-Simple,IoT-Simple
444,11,12,23,1,1,1,0,1,1,1,1,1,1,1,1,1,1,1,1,1,1,1,1,1,1,1,1,Medical-Simple,IoT-Complex
445,9,10,19,1,1,0,0,1,1,1,0,1,1,1,1,1,1,0,0,1,1,1,1,1,1,1,1,Medical-Complex,IoT-Complex
446,10,9,19,1,1,1,1,1,1,0,1,1,0,1,1,1,1,1,1,1,1,0,0,1,0,1,1,Medical-Simple,IoT-Complex
447,5,5,10,0,0,0,0,1,1,1,0,0,1,1,0,0,0,0,0,1,1,1,0,0,1,1,0,Medical-Complex,IoT-Simple
448,10,11,21,1,1,1,1,1,1,1,1,0,1,1,0,1,1,1,1,1,1,1,1,1,1,1,0,Medical-Complex,IoT-Complex
449,12,11,23,1,1,1,1,1,1,1,1,1,1,1,1,1,1,1,1,1,1,0,1,1,1,1,1,Medical-Complex,IoT-Simple
450,10,10,20,1,1,1,1,1,1,1,1,1,1,0,0,1,1,1,1,1,1,1,1,1,1,0,0,Medical-Simple,IoT-Simple
451,11,12,23,1,1,1,1,1,1,0,1,1,1,1,1,1,1,1,1,1,1,1,1,1,1,1,1,Medical-Simple,IoT-Complex
452,11,10,21,1,1,1,1,1,1,1,0,1,1,1,1,1,1,1,1,1,0,1,0,1,1,1,1,Medical-Simple,IoT-Simple
453,9,6,15,1,1,1,1,1,1,1,0,0,0,1,1,1,1,1,1,0,0,0,0,0,0,1,1,Medical-Complex,IoT-Complex
454,10,10,20,1,1,1,1,1,0,1,1,1,1,1,0,1,1,1,1,1,0,1,1,1,1,1,0,Medical-Complex,IoT-Simple
455,9,9,18,1,1,1,1,0,1,1,1,1,1,0,0,1,1,1,1,1,1,1,0,1,0,0,1,Medical-Simple,IoT-Simple
456,12,12,24,1,1,1,1,1,1,1,1,1,1,1,1,1,1,1,1,1,1,1,1,1,1,1,1,Medical-Simple,IoT-Simple
457,10,10,20,1,1,1,1,1,1,1,1,1,1,0,0,1,1,1,1,1,1,1,1,1,1,0,0,Medical-Complex,IoT-Complex
458,7,8,15,1,0,0,0,1,1,1,1,1,1,0,0,1,1,0,1,1,1,1,0,1,1,0,0,Medical-Complex,IoT-Complex
459,7,8,15,1,1,0,0,1,1,1,0,0,0,1,1,1,0,1,1,1,0,1,0,0,1,1,1,Medical-Simple,IoT-Complex
460,9,10,19,1,1,1,1,1,1,0,1,1,1,0,0,1,1,1,1,1,1,1,1,1,1,0,0,Medical-Simple,IoT-Simple
461,11,12,23,1,1,1,1,1,0,1,1,1,1,1,1,1,1,1,1,1,1,1,1,1,1,1,1,Medical-Simple,IoT-Complex
462,11,10,21,1,1,1,1,1,1,1,1,1,1,0,1,1,1,1,1,1,0,1,1,1,1,0,1,Medical-Simple,IoT-Complex
463,8,7,15,1,0,0,1,1,1,1,1,0,0,1,1,1,1,1,0,1,1,0,0,0,0,1,1,Medical-Complex,IoT-Complex
464,11,10,21,1,1,1,1,1,1,1,1,1,1,0,1,1,1,1,1,1,1,1,0,1,1,0,1,Medical-Complex,IoT-Simple
465,12,11,23,1,1,1,1,1,1,1,1,1,1,1,1,1,1,1,1,1,0,1,1,1,1,1,1,Medical-Complex,IoT-Simple
466,10,9,19,1,1,1,1,1,1,1,0,0,1,1,1,1,1,1,1,1,0,1,0,0,1,1,1,Medical-Simple,IoT-Simple
467,10,7,17,1,1,1,1,1,1,0,1,1,1,0,1,1,1,1,0,1,0,0,0,1,1,0,1,Medical-Simple,IoT-Complex
468,8,6,14,1,1,0,1,1,1,1,1,1,0,0,0,1,1,0,1,1,1,0,0,1,0,0,0,Medical-Complex,IoT-Complex
469,10,9,19,1,1,1,1,0,1,1,1,1,0,1,1,1,1,1,1,0,1,0,1,1,0,1,1,Medical-Complex,IoT-Simple
470,8,9,17,1,1,0,1,1,0,0,1,1,1,0,1,1,1,1,1,1,1,0,1,0,1,0,1,Medical-Simple,IoT-Simple
471,10,10,20,1,1,1,1,1,1,0,1,1,0,1,1,1,1,1,1,1,1,0,1,1,0,1,1,Medical-Simple,IoT-Simple
472,11,11,22,1,1,1,1,1,1,1,0,1,1,1,1,1,1,1,1,1,1,1,0,1,1,1,1,Medical-Complex,IoT-Complex
473,10,7,17,1,1,0,1,1,1,1,1,1,0,1,1,0,1,1,1,1,1,1,0,1,0,0,0,Medical-Complex,IoT-Simple
474,10,10,20,1,1,1,1,1,1,0,1,1,1,0,1,1,1,1,1,1,1,0,1,1,1,0,1,Medical-Simple,IoT-Complex
475,12,12,24,1,1,1,1,1,1,1,1,1,1,1,1,1,1,1,1,1,1,1,1,1,1,1,1,Medical-Complex,IoT-Simple
476,12,12,24,1,1,1,1,1,1,1,1,1,1,1,1,1,1,1,1,1,1,1,1,1,1,1,1,Medical-Complex,IoT-Complex
477,10,10,20,1,1,1,1,1,1,1,1,1,1,0,0,1,1,1,1,1,1,1,1,1,1,0,0,Medical-Complex,IoT-Simple
478,5,5,10,1,1,0,1,0,1,0,0,1,0,0,0,1,0,0,0,1,1,0,0,1,1,0,0,Medical-Complex,IoT-Complex
479,10,10,20,1,1,1,1,1,1,1,1,1,1,0,0,1,1,1,1,1,1,1,1,1,1,0,0,Medical-Complex,IoT-Simple
480,9,9,18,1,1,1,1,1,0,0,1,1,0,1,1,1,1,1,1,1,0,1,0,1,0,1,1,Medical-Complex,IoT-Complex
481,9,8,17,1,1,0,1,1,1,1,1,0,1,1,0,1,0,0,1,1,1,1,0,1,1,1,0,Medical-Simple,IoT-Complex
482,11,11,22,1,1,1,1,1,1,1,0,1,1,1,1,1,1,1,1,1,1,1,0,1,1,1,1,Medical-Simple,IoT-Complex
483,11,11,22,1,1,1,1,1,1,1,1,1,1,1,0,1,1,1,1,1,1,1,1,1,1,1,0,Medical-Complex,IoT-Simple
484,11,12,23,1,1,1,1,1,1,0,1,1,1,1,1,1,1,1,1,1,1,1,1,1,1,1,1,Medical-Simple,IoT-Simple
485,8,6,14,1,1,0,0,0,1,1,1,1,1,0,1,1,0,0,0,1,1,1,0,1,1,0,0,Medical-Complex,IoT-Complex
486,10,9,19,1,1,1,1,1,1,1,1,1,1,0,0,1,1,0,1,1,1,1,1,1,1,0,0,Medical-Simple,IoT-Complex
487,11,10,21,1,1,1,1,1,1,1,1,1,1,0,1,1,1,1,1,1,1,1,1,1,1,0,0,Medical-Simple,IoT-Simple
488,6,7,13,1,0,1,0,1,0,0,0,1,0,1,1,1,1,0,1,1,0,1,0,0,1,1,0,Medical-Simple,IoT-Simple
489,10,9,19,1,1,1,1,1,1,0,1,1,0,1,1,1,1,1,1,1,1,0,0,1,0,1,1,Medical-Complex,IoT-Complex
490,12,12,24,1,1,1,1,1,1,1,1,1,1,1,1,1,1,1,1,1,1,1,1,1,1,1,1,Medical-Complex,IoT-Complex
491,9,9,18,1,1,1,1,1,0,0,1,1,0,1,1,1,1,0,1,1,1,1,0,1,1,1,0,Medical-Simple,IoT-Complex
492,9,10,19,1,1,0,1,1,1,1,0,1,1,1,0,1,1,1,1,1,1,1,0,1,1,1,0,Medical-Complex,IoT-Complex
493,9,9,18,1,1,1,0,1,1,1,1,0,1,1,0,1,1,1,0,1,1,1,1,0,1,1,0,Medical-Simple,IoT-Simple
494,8,7,15,1,1,1,1,1,1,0,0,1,0,0,1,1,1,1,1,1,1,0,0,0,0,0,1,Medical-Simple,IoT-Simple
495,10,9,19,1,1,1,1,1,1,0,1,1,1,1,0,1,1,1,1,1,1,1,0,1,1,0,0,Medical-Simple,IoT-Simple
496,10,9,19,1,1,1,1,1,1,1,1,0,0,1,1,1,1,1,1,1,1,1,1,0,0,1,0,Medical-Complex,IoT-Simple
497,8,8,16,1,0,1,1,1,0,1,0,1,0,1,1,1,1,0,0,1,1,1,0,1,0,1,1,Medical-Complex,IoT-Complex
