ResponseId,TEE-M,TEE-M_24_TEXT,Computing-M,Computing-M_4_TEXT,ComputingEd-M,ComputingEd-M_4_TEXT,Demograhic-Medical,Demograhic-Medical_4_TEXT,Demograhic-Medical2n,Demograhic-Medical2n_29_TEXT,Demograhic-IoT,Demograhic-IoT_7_TEXT,Demograhic-IoT-2nd,Demograhic-IoT-2nd_7_TEXT,Age,Gender,Gender_4_TEXT,Race,Race_6_TEXT,Education
R_1rwPFRLB5J0rmPA,No,,No,,No,,No,,No,,No,,"No, I don’t own smart devices",,18-24 years old,Male,,White or Caucasian,,High school diploma or GED
R_3pQQ5m4r0hug6KP,No,,No,,No,,Yes; as a participant,,No,,"Yes, and I use the smart features",,"Yes, I have used home automation, but not currently",,18-24 years old,Female,,White or Caucasian,,"Some college, but no degree"
R_3jCmsR4kFpEL3Eh,No,,No,,No,,No,,No,,"Yes, and I use the smart features",,"No, I do not use home automation, but I do own smart devices",,25-34 years old,Female,,White or Caucasian,,Bachelor’s degree
R_5UhXbvilpndYwT1,No,,No,,No,,No,,No,,"Yes, and I use the smart features",,"No, I do not use home automation, but I do own smart devices",,25-34 years old,Male,,White or Caucasian,,High school diploma or GED
R_14PdyKRKcyC9mUB,Yes,,No,,No,,Yes; as a researcher,,Yes,,"Yes, and I use the smart features",,I’m not sure/Other,,18-24 years old,Female,,Black or African American,,"Some college, but no degree"
R_1a804pEEXfyBVIt,No,,Yes,,Yes,,No,,No,,"Yes, and I use the smart features",,"Yes, I currently use home automation",,45-54 years old,Male,,White or Caucasian,,"Graduate or professional degree (MA, MS, MBA, PhD, JD, MD, DDS etc.)"
R_7nKtfeDh7UB4LhT,No,,"No, but I have been in the past",,Yes,,No,,No,,"Yes, and I use the smart features",,"No, I do not use home automation, but I do own smart devices",,25-34 years old,Male,,White or Caucasian,,"Graduate or professional degree (MA, MS, MBA, PhD, JD, MD, DDS etc.)"
R_1fVnEU62o25xh1g,No,,No,,No,,No,,No,,"Yes, but I don’t use the smart features",,"No, I do not use home automation, but I do own smart devices",,25-34 years old,Male,,White or Caucasian,,High school diploma or GED
R_6pMihip2gvWByZE,No,,No,,No,,Yes; as a participant,,Yes,,"Yes, and I use the smart features",,"Yes, I have used home automation, but not currently",,25-34 years old,Male,,Asian,,"Graduate or professional degree (MA, MS, MBA, PhD, JD, MD, DDS etc.)"
R_524ilx5UnMSYEcc,No,,No,,No,,No,,No,,"Yes, and I use the smart features",,"No, I do not use home automation, but I do own smart devices",,25-34 years old,Female,,White or Caucasian,,Bachelor’s degree
R_6JWOWOpqU55zneh,No,,"No, but I have been in the past",,Yes,,No,,"No, but I have been in the past",,"Yes, and I use the smart features",,"No, I do not use home automation, but I do own smart devices",,55-64 years old,Female,,Black or African American,,Associates or technical degree
R_5SuX0iaMo3MeBFi,No,,No,,No,,No,,No,,No,,"No, I don’t own smart devices",,35-44 years old,Male,,White or Caucasian,,Bachelor’s degree
R_57Ve7Sz6TxR9K7B,No,,No,,No,,No,,No,,"Yes, and I use the smart features",,"Yes, I have used home automation, but not currently",,18-24 years old,Male,,White or Caucasian,,High school diploma or GED
R_5flpGfIZI56XUG5,No,,No,,No,,No,,No,,"Yes, but I don’t use the smart features",,"No, I do not use home automation, but I do own smart devices",,35-44 years old,Female,,White or Caucasian,,"Some college, but no degree"
R_3snV5y91Azbp79v,Yes,,No,,No,,No,,No,,"Yes, and I use the smart features",,"No, I do not use home automation, but I do own smart devices",,25-34 years old,Male,,White or Caucasian,,Bachelor’s degree
R_1kFKP2LZzazsQKZ,No,,No,,No,,No,,No,,"Yes, and I use the smart features",,"No, I do not use home automation, but I do own smart devices",,45-54 years old,Non-binary / third gender,,White or Caucasian,,High school diploma or GED
R_70UPQh8SKevGQN8,No,,No,,No,,No,,No,,"Yes, and I use the smart features",,"Yes, I have used home automation, but not currently",,18-24 years old,Female,,White or Caucasian,,Bachelor’s degree
R_3EZzxtDvBmy7Rbr,No,,No,,No,,No,,No,,"No, but I have in the past",,"No, I do not use home automation, but I do own smart devices",,18-24 years old,Non-binary / third gender,,White or Caucasian,,"Some college, but no degree"
R_3I3O423Dojt2D91,No,,No,,No,,No,,No,,"Yes, and I use the smart features",,"Yes, I currently use home automation",,55-64 years old,Male,,Asian,,"Graduate or professional degree (MA, MS, MBA, PhD, JD, MD, DDS etc.)"
R_7eQpZdKLNcFWe5j,No,,No,,No,,No,,No,,"Yes, and I use the smart features",,"No, I do not use home automation, but I do own smart devices",,55-64 years old,Male,,White or Caucasian,,"Some college, but no degree"
R_147c3Fl0F0zDu0k,No,,No,,No,,No,,No,,No,,"No, I don’t own smart devices",,45-54 years old,Female,,White or Caucasian,,Bachelor’s degree
R_1lVzyDfauC9o0q0,No,,No,,No,,No,,No,,"Yes, but I don’t use the smart features",,"No, I do not use home automation, but I do own smart devices",,25-34 years old,Male,,White or Caucasian,,"Some college, but no degree"
R_6P6knBPbyVrbUml,No,,No,,No,,No,,No,,"Yes, and I use the smart features",,"No, I do not use home automation, but I do own smart devices",,55-64 years old,Female,,Black or African American,,"Graduate or professional degree (MA, MS, MBA, PhD, JD, MD, DDS etc.)"
R_17Qo5EW5C0MsXl5,No,,No,,No,,No,,No,,"Yes, and I use the smart features",,"No, I do not use home automation, but I do own smart devices",,45-54 years old,Female,,White or Caucasian,,"Some college, but no degree"
R_7LXyOyzRX6LCSF8,No,,No,,No,,No,,No,,No,,"No, I don’t own smart devices",,45-54 years old,Male,,White or Caucasian,,"Some college, but no degree"
R_5Csa8Q2Oe0pWDHz,No,,No,,No,,No,,No,,"Yes, and I use the smart features",,"No, I do not use home automation, but I do own smart devices",,18-24 years old,Male,,Prefer not to say,,"Some college, but no degree"
R_7wsrMXVneTQihvt,No,,No,,No,,Yes; as a participant,,No,,"Yes, and I use the smart features",,"No, I do not use home automation, but I do own smart devices",,35-44 years old,Female,,White or Caucasian,,Bachelor’s degree
R_1Bb46sXAIEaYJoc,No,,No,,Yes,I have a technical certification,No,,No,,"Yes, but I don’t use the smart features",,"No, I do not use home automation, but I do own smart devices",,25-34 years old,Male,,White or Caucasian,,"Some college, but no degree"
R_1fOhOljcNufcPhc,No,,No,,No,,No,,No,,"Yes, and I use the smart features",,"Yes, I currently use home automation",,45-54 years old,Female,,White or Caucasian,,"Graduate or professional degree (MA, MS, MBA, PhD, JD, MD, DDS etc.)"
R_7OeMZpm0jVaIJtp,No,,No,,No,,No,,No,,"Yes, and I use the smart features",,"No, I do not use home automation, but I do own smart devices",,25-34 years old,Female,,White or Caucasian,,Bachelor’s degree
R_7ltYmBXzmLnItae,No,,No,,No,,No,,No,,"Yes, and I use the smart features",,"Yes, I have used home automation, but not currently",,18-24 years old,Male,,White or Caucasian,,"Some college, but no degree"
R_3psQxOWcgbKJcfA,No,,No,,No,,Yes; as a researcher,I've read academically about it,Yes,currently a student for it,"Yes, and I use the smart features",,"No, I do not use home automation, but I do own smart devices",,18-24 years old,Female,,Asian,,Bachelor’s degree
R_1EoAtAMTyDc5zsa,No,,No,,No,,No,,No,,"Yes, and I use the smart features",,"Yes, I currently use home automation",,35-44 years old,Male,,Asian,,"Graduate or professional degree (MA, MS, MBA, PhD, JD, MD, DDS etc.)"
R_19OdQEScuXCpTc5,No,,No,,No,,No,,No,,No,,"No, I don’t own smart devices",,35-44 years old,Female,,White or Caucasian,,"Some college, but no degree"
R_7rluSxVBkBMj7Uq,No,,No,,No,,No,,Yes,,"Yes, and I use the smart features",,"No, I do not use home automation, but I do own smart devices",,18-24 years old,Female,,White or Caucasian,,Associates or technical degree
R_61WW68IJQi7axi8,No,,No,,No,,No,,No,,No,,"No, I don’t own smart devices",,25-34 years old,Female,,Asian,,Bachelor’s degree
R_1dfLsoEciyPHImj,No,,No,,No,,No,,No,,"Yes, but I don’t use the smart features",,"No, I do not use home automation, but I do own smart devices",,25-34 years old,Male,,White or Caucasian,,Bachelor’s degree
R_3TApwxR0NjrtczL,No,,No,,No,,No,,No,,"Yes, and I use the smart features",,"Yes, I currently use home automation",,45-54 years old,Male,,White or Caucasian,,Associates or technical degree
R_5RNUi22qTPEJYgp,No,,No,,No,,No,,No,,No,,"No, I don’t own smart devices",,35-44 years old,Female,,White or Caucasian,,Bachelor’s degree
R_3W0KALYEQJ45tn3,No,,No,,No,,No,,No,,No,,"No, I don’t own smart devices",,18-24 years old,Male,,White or Caucasian,,"Some college, but no degree"
R_5ODLMs03e8SD9Jm,No,,No,,No,,No,,Yes,medical billing specialist,"Yes, and I use the smart features",,"No, I do not use home automation, but I do own smart devices",,25-34 years old,Female,,White or Caucasian,,Associates or technical degree
R_325VcST03ZYcbYs,No,,No,,Yes,,No,,No,,No,,"Yes, I have used home automation, but not currently",,18-24 years old,Male,,White or Caucasian,,Associates or technical degree
R_12S3UkEpVdKeirv,No,,No,,No,,No,,No,,"Yes, and I use the smart features",,"No, I do not use home automation, but I do own smart devices",,18-24 years old,Female,,Black or African American,,Associates or technical degree
R_1guRonw5pN3D5Zg,No,,No,,No,,No,,Yes,,"Yes, and I use the smart features",,"Yes, I have used home automation, but not currently",,25-34 years old,Male,,White or Caucasian,,"Graduate or professional degree (MA, MS, MBA, PhD, JD, MD, DDS etc.)"
R_5eBMIiciV6a9cD7,No,,No,,No,,Yes; as a researcher,,Yes,,"Yes, and I use the smart features",,"No, I do not use home automation, but I do own smart devices",,25-34 years old,Female,,White or Caucasian,,Bachelor’s degree
R_5DvxSXDCHDXAVPu,No,,No,,No,,No,,No,,No,,"No, I don’t own smart devices",,45-54 years old,Female,,White or Caucasian,,"Some college, but no degree"
R_5qEVBJnwzUX0Y8N,No,,No,,No,,Yes; as a participant,,No,,"Yes, and I use the smart features",,"Yes, I currently use home automation",,25-34 years old,Female,,Black or African American,,Bachelor’s degree
R_6SRfLfdOaqOsyuR,No,,Yes,,No,,No,,No,,"Yes, and I use the smart features",,"Yes, I currently use home automation",,35-44 years old,Male,,White or Caucasian,,Bachelor’s degree
R_5pNYuLOmKRC3Ye5,No,,No,,No,,No,,No,,"Yes, and I use the smart features",,"Yes, I currently use home automation",,25-34 years old,Female,,White or Caucasian,,Some high school or less
R_63jqa64fVKoMes6,No,,No,,No,,No,,No,,"Yes, but I don’t use the smart features",,"No, I do not use home automation, but I do own smart devices",,35-44 years old,Female,,White or Caucasian,,High school diploma or GED
R_6Nh50bmZSZGiZjo,No,,No,,No,,Yes; as a participant,,No,,"Yes, and I use the smart features",,"No, I do not use home automation, but I do own smart devices",,35-44 years old,Male,,White or Caucasian,,High school diploma or GED
R_3CQ05NrX1W5KcVQ,No,,"No, but I have been in the past",,No,,Yes; as a participant,,No,,"Yes, and I use the smart features",,"No, I do not use home automation, but I do own smart devices",,25-34 years old,Male,,White or Caucasian,,Bachelor’s degree
R_6ghzMi9si1GSqQh,No,,No,,No,,No,,No,,No,,"No, I don’t own smart devices",,18-24 years old,Male,,White or Caucasian,,High school diploma or GED
R_3sC45u66HnN0u4x,No,,No,,No,,No,,No,,No,,"No, I don’t own smart devices",,18-24 years old,Male,,Black or African American,,High school diploma or GED
R_6jJ5OplO10oOfjx,No,,No,,No,,No,,No,,"Yes, but I don’t use the smart features",,"No, I don’t own smart devices",,25-34 years old,Male,,White or Caucasian,,Bachelor’s degree
R_1gArMDSFdy6w2U9,No,,Yes,,Yes,,No,,No,,"Yes, but I don’t use the smart features",,"No, I do not use home automation, but I do own smart devices",,35-44 years old,Male,,White or Caucasian,,Associates or technical degree
R_7g6e2VHDjgr6FAY,No,,No,,No,,No,,No,,"Yes, and I use the smart features",,"No, I don’t own smart devices",,25-34 years old,Female,,White or Caucasian,,"Graduate or professional degree (MA, MS, MBA, PhD, JD, MD, DDS etc.)"
R_741MmmumMLArAQI,No,,No,,No,,No,,"No, but I have been in the past",,"Yes, and I use the smart features",,"No, I do not use home automation, but I do own smart devices",,35-44 years old,Female,,White or Caucasian,,"Some college, but no degree"
R_614vEAnRHNj1aUu,No,,No,,No,,No,,No,,"Yes, and I use the smart features",,"Yes, I currently use home automation",,45-54 years old,Male,,White or Caucasian,,High school diploma or GED
R_12X0hmXAAw3oa7T,No,,No,,No,,No,,No,,"Yes, and I use the smart features",,"Yes, I currently use home automation",,25-34 years old,Female,,White or Caucasian,,Bachelor’s degree
R_1WD54s3RGRQbdWr,No,,No,,No,,No,,No,,"Yes, and I use the smart features",,"Yes, I have used home automation, but not currently",,25-34 years old,Male,,Asian,,"Graduate or professional degree (MA, MS, MBA, PhD, JD, MD, DDS etc.)"
R_1ZLcN7ttwuXRMch,No,,No,,No,,No,,No,,"Yes, but I don’t use the smart features",,"Yes, I have used home automation, but not currently",,25-34 years old,Male,,"White or Caucasian,Black or African American",,"Graduate or professional degree (MA, MS, MBA, PhD, JD, MD, DDS etc.)"
R_6OouQ4kQKFT6WKE,No,,No,,No,,Yes; as a participant,,Yes,,"Yes, and I use the smart features",,"Yes, I currently use home automation",,35-44 years old,Female,,White or Caucasian,,"Graduate or professional degree (MA, MS, MBA, PhD, JD, MD, DDS etc.)"
R_6nVFYpV0TFumzCj,No,,No,,No,,No,,No,,"Yes, and I use the smart features",,"Yes, I currently use home automation",,65+ years old,Male,,White or Caucasian,,Some high school or less
R_5hgt8KddEkcf8GM,No,,No,,No,,No,,No,,"Yes, and I use the smart features",,"No, I don’t own smart devices",,25-34 years old,Female,,White or Caucasian,,"Some college, but no degree"
R_1efUiqsrYeXsE7r,No,,No,,No,,No,,Yes,,"Yes, and I use the smart features",,"No, I do not use home automation, but I do own smart devices",,18-24 years old,Female,,White or Caucasian,,Associates or technical degree
R_5HDBPYubHr5bwOd,No,,No,,No,,No,,No,,"Yes, and I use the smart features",,"Yes, I have used home automation, but not currently",,55-64 years old,Female,,White or Caucasian,,"Some college, but no degree"
R_5EYeGueyNtB06Do,No,,No,,No,,No,,No,,"Yes, and I use the smart features",,"No, I do not use home automation, but I do own smart devices",,35-44 years old,Female,,Black or African American,,Bachelor’s degree
R_7FdC1UWcnfcvgzv,No,,No,,No,,No,,No,,"Yes, and I use the smart features",,"Yes, I currently use home automation",,45-54 years old,Male,,White or Caucasian,,"Graduate or professional degree (MA, MS, MBA, PhD, JD, MD, DDS etc.)"
R_3CjQRy14zUz6Qgh,No,,No,,No,,No,,No,,"Yes, and I use the smart features",,"No, I do not use home automation, but I do own smart devices",,25-34 years old,Male,,White or Caucasian,,"Some college, but no degree"
R_3CDVR8ZooZfqKKS,No,,No,,No,,No,,No,,No,,"No, I don’t own smart devices",,35-44 years old,Female,,"White or Caucasian,Asian",,Some high school or less
R_3qEUGBVTdyUlPci,No,,No,,No,,No,,No,,"No, but I have in the past",,"No, I don’t own smart devices",,25-34 years old,Male,,White or Caucasian,,Bachelor’s degree
R_3fGEEHAd9zYapRB,No,,No,,No,,Yes; as a participant,,No,,"Yes, and I use the smart features",,"No, I do not use home automation, but I do own smart devices",,18-24 years old,Female,,White or Caucasian,,Bachelor’s degree
R_7m8iDY5Vl060hLm,No,,No,,Yes,,No,,No,,"Yes, and I use the smart features",,"Yes, I currently use home automation",,25-34 years old,Male,,Asian,,"Some college, but no degree"
R_7f1N76U8aKWZWyv,No,,No,,No,,Yes; as a researcher,,No,,"Yes, and I use the smart features",,"No, I do not use home automation, but I do own smart devices",,18-24 years old,Female,,Asian,,Bachelor’s degree
R_648Z8k4ntpFt0LO,Yes,,"No, but I have been in the past",,Yes,,Yes; as a participant,,"No, but I have been in the past",,"Yes, and I use the smart features",,"Yes, I currently use home automation",,25-34 years old,Male,,White or Caucasian,,Bachelor’s degree
R_3ptce2vNcdcNPRy,No,,Yes,,Yes,,No,,No,,"Yes, and I use the smart features",,"Yes, I have used home automation, but not currently",,25-34 years old,Female,,White or Caucasian,,Bachelor’s degree
R_3cuCnWSworjIFvt,No,,No,,No,,No,,No,,"Yes, and I use the smart features",,"No, I do not use home automation, but I do own smart devices",,25-34 years old,Female,,White or Caucasian,,"Graduate or professional degree (MA, MS, MBA, PhD, JD, MD, DDS etc.)"
R_5KqlACpbJWUn9SP,No,,No,,No,,No,,Yes,,"Yes, and I use the smart features",,"No, I do not use home automation, but I do own smart devices",,35-44 years old,Male,,White or Caucasian,,"Graduate or professional degree (MA, MS, MBA, PhD, JD, MD, DDS etc.)"
R_5Sw7vrxWlSGxi8N,No,,No,,No,,No,,No,,"Yes, and I use the smart features",,"Yes, I have used home automation, but not currently",,18-24 years old,Female,,Asian,,Bachelor’s degree
R_5VlpUMyQEgZbaRZ,No,,No,,No,,No,,No,,"Yes, and I use the smart features",,"Yes, I currently use home automation",,18-24 years old,Male,,White or Caucasian,,High school diploma or GED
R_6OjGbDFuN2xQ0Pi,No,,No,,No,,No,,No,,"Yes, and I use the smart features",,"No, I do not use home automation, but I do own smart devices",,25-34 years old,Female,,White or Caucasian,,Bachelor’s degree
R_6cQlgLqUGVFHinf,No,,Yes,,Yes,,No,,No,,"Yes, but I don’t use the smart features",,"Yes, I have used home automation, but not currently",,25-34 years old,Male,,White or Caucasian,,Bachelor’s degree
R_3QXnE2tZtGEp8bk,No,,No,,No,,Yes; as a researcher,,Yes,,"Yes, and I use the smart features",,"Yes, I have used home automation, but not currently",,25-34 years old,Male,,White or Caucasian,,Bachelor’s degree
R_510LHSfC0YtUuXL,No,,No,,No,,No,,No,,No,,"No, I don’t own smart devices",,55-64 years old,Male,,White or Caucasian,,Bachelor’s degree
R_5d3TmRUPjzqqElr,No,,No,,No,,No,,"No, but I have been in the past",,"Yes, and I use the smart features",,"No, I do not use home automation, but I do own smart devices",,18-24 years old,Female,,White or Caucasian,,Bachelor’s degree
R_5EvuDLrsD73Rq6Z,No,,No,,No,,No,,No,,"Yes, and I use the smart features",,"Yes, I currently use home automation",,65+ years old,Female,,Asian,,Bachelor’s degree
R_5qPCUsVzugU3cEF,No,,No,,No,,No,,No,,"Yes, and I use the smart features",,"No, I don’t own smart devices",,18-24 years old,Female,,White or Caucasian,,Associates or technical degree
R_3dmB1HymKNEVoc1,No,,No,,No,,No,,No,,"Yes, and I use the smart features",,"No, I do not use home automation, but I do own smart devices",,35-44 years old,Female,,White or Caucasian,,"Some college, but no degree"
R_38CLhDwdJI7Ihot,Yes,,No,,No,,No,,No,,No,,"No, I don’t own smart devices",,25-34 years old,Female,,White or Caucasian,,Bachelor’s degree
R_7hsYPaPQjTS9JD9,No,,No,,No,,Yes; as a participant,,No,,"Yes, and I use the smart features",,"Yes, I currently use home automation",,18-24 years old,Female,,White or Caucasian,,Bachelor’s degree
R_5P61sy3XzcmcobP,No,,No,,No,,No,,No,,"Yes, and I use the smart features",,"Yes, I currently use home automation",,35-44 years old,Female,,White or Caucasian,,"Graduate or professional degree (MA, MS, MBA, PhD, JD, MD, DDS etc.)"
R_6QrFNlk6315MGw4,No,,No,,No,,No,,No,,"Yes, but I don’t use the smart features",,"No, I don’t own smart devices",,35-44 years old,Male,,White or Caucasian,,High school diploma or GED
R_7Gyqz2vhaJMqk6J,No,,No,,No,,No,,No,,"Yes, but I don’t use the smart features",,"No, I don’t own smart devices",,18-24 years old,Female,,Asian,,"Some college, but no degree"
R_3WYCN6g0GQfuf57,No,,No,,No,,No,,No,,"Yes, and I use the smart features",,"No, I do not use home automation, but I do own smart devices",,55-64 years old,Female,,White or Caucasian,,"Graduate or professional degree (MA, MS, MBA, PhD, JD, MD, DDS etc.)"
R_5TB2cF2ZNF9B0pG,Yes,,No,,No,,No,,No,,"Yes, but I don’t use the smart features",,"Yes, I currently use home automation",,25-34 years old,Male,,White or Caucasian,,Associates or technical degree
R_5EpfnDySqbkv2t3,No,,No,,No,,No,,No,,"Yes, and I use the smart features",,"No, I do not use home automation, but I do own smart devices",,25-34 years old,Female,,"White or Caucasian,Asian",,"Graduate or professional degree (MA, MS, MBA, PhD, JD, MD, DDS etc.)"
R_6KTx2aJaqZe4OYd,No,,No,,No,,No,,No,,"Yes, and I use the smart features",,"No, I don’t own smart devices",,55-64 years old,Male,,White or Caucasian,,"Some college, but no degree"
R_3KBJdKOQqVqaafw,No,,No,,No,,Yes; as a participant,,No,,"Yes, and I use the smart features",,"Yes, I currently use home automation",,25-34 years old,Male,,Black or African American,,"Graduate or professional degree (MA, MS, MBA, PhD, JD, MD, DDS etc.)"
R_7im9qXw05tCEBSp,No,,No,,No,,No,,No,,"Yes, but I don’t use the smart features",,"Yes, I have used home automation, but not currently",,25-34 years old,Male,,White or Caucasian,,"Some college, but no degree"
R_7hM6p41cW0gVEQK,No,,No,,No,,Yes; as a researcher,,Yes,,"Yes, and I use the smart features",,"No, I do not use home automation, but I do own smart devices",,25-34 years old,Female,,Asian,,Bachelor’s degree
R_5jZL0lk5u7obn5j,No,I never personally used one before,No,,No,,No,,No,,"Yes, and I use the smart features",,"No, I do not use home automation, but I do own smart devices",,35-44 years old,Female,,White or Caucasian,,High school diploma or GED
R_1gN3qHH3xQMASgK,No,,No,,No,,No,,No,,"Yes, and I use the smart features",,"No, I do not use home automation, but I do own smart devices",,35-44 years old,Female,,White or Caucasian,,"Some college, but no degree"
R_3egin7VRCA4miOd,No,,No,,No,,Yes; as a researcher,,No,,No,,"No, I don’t own smart devices",,25-34 years old,Female,,White or Caucasian,,"Graduate or professional degree (MA, MS, MBA, PhD, JD, MD, DDS etc.)"
R_5dBsVmnnuuvAroB,No,,Yes,,Yes,,Yes; as a participant,,Yes,,"Yes, but I don’t use the smart features",,"No, I do not use home automation, but I do own smart devices",,18-24 years old,Male,,White or Caucasian,,Bachelor’s degree
R_7rNerDQJf5frAZx,No,,No,,No,,No,,No,,"Yes, and I use the smart features",,"No, I do not use home automation, but I do own smart devices",,18-24 years old,Female,,Black or African American,,"Some college, but no degree"
R_7GDs64WpdaqIUXA,Yes,,No,,No,,Yes; as a researcher,,No,,"Yes, and I use the smart features",,"No, I do not use home automation, but I do own smart devices",,25-34 years old,Male,,Prefer to self-describe,Hispanic,High school diploma or GED
R_39yCzuV37FV6nYt,Yes,,Yes,,No,,No,,No,,No,,"No, I don’t own smart devices",,18-24 years old,Male,,White or Caucasian,,High school diploma or GED
R_5cwTJOCzo1teN12,No,,No,,No,,No,,No,,"Yes, and I use the smart features",,"Yes, I currently use home automation",,25-34 years old,Female,,"White or Caucasian,Asian",,"Some college, but no degree"
R_6kh3QCa4kpS6VSe,No,,No,,No,,No,,No,,"Yes, and I use the smart features",,"Yes, I currently use home automation",,35-44 years old,Male,,White or Caucasian,,"Graduate or professional degree (MA, MS, MBA, PhD, JD, MD, DDS etc.)"
R_7Gkrr5qGCL6cMB2,No,I'm familiar with sandboxing and TEEs sound like that.,No,,Yes,,No,,"No, but I have been in the past",,No,,"No, I don’t own smart devices",,55-64 years old,Male,,Prefer to self-describe,Multi-racial (Hispanic / White / Native American),Bachelor’s degree
R_3nMeXGR2n1KgDxG,No,,No,,No,,No,,No,,"No, but I have in the past",,"Yes, I have used home automation, but not currently",,45-54 years old,Male,,White or Caucasian,,Bachelor’s degree
R_3qqVGLM64xY2Fe2,No,,No,,No,,No,,Yes,,"Yes, but I don’t use the smart features",,"No, I do not use home automation, but I do own smart devices",,55-64 years old,Female,,White or Caucasian,,"Graduate or professional degree (MA, MS, MBA, PhD, JD, MD, DDS etc.)"
R_6aylsM8uKtaGKrw,No,,No,,No,,No,,No,,"Yes, but I don’t use the smart features",,"No, I do not use home automation, but I do own smart devices",,45-54 years old,Female,,White or Caucasian,,"Some college, but no degree"
R_3ibrTbco1Tmr4IQ,Yes,,No,,No,,No,,No,,"Yes, but I don’t use the smart features",,"No, I do not use home automation, but I do own smart devices",,45-54 years old,Male,,White or Caucasian,,Associates or technical degree
R_3TAvVleahwKBO2k,No,,No,,No,,No,,No,,"Yes, but I don’t use the smart features",,"No, I don’t own smart devices",,45-54 years old,Male,,"White or Caucasian,Prefer to self-describe",Hispanic,"Graduate or professional degree (MA, MS, MBA, PhD, JD, MD, DDS etc.)"
R_6TlqRCQvwkc0RZD,No,,No,,No,,No,,No,,"Yes, and I use the smart features",,"No, I do not use home automation, but I do own smart devices",,35-44 years old,Female,,White or Caucasian,,Associates or technical degree
R_32L0pxPM2diEtPB,No,,No,,No,I took online courses from an education platform.,No,,No,,"Yes, but I don’t use the smart features",,"No, I do not use home automation, but I do own smart devices",,25-34 years old,Male,,Asian,,Bachelor’s degree
R_1zkbB7h90N8nrgT,No,,No,,No,,No,,Yes,,"Yes, and I use the smart features",,"Yes, I currently use home automation",,25-34 years old,Female,,White or Caucasian,,Associates or technical degree
R_3uBTM6iJ8sMRQQR,No,,No,,No,,No,,No,,No,,"No, I don’t own smart devices",,35-44 years old,Male,,White or Caucasian,,"Graduate or professional degree (MA, MS, MBA, PhD, JD, MD, DDS etc.)"
R_1rpOyyqcdDGYHCD,No,,No,,No,,No,,No,,"Yes, and I use the smart features",,"No, I do not use home automation, but I do own smart devices",,35-44 years old,Female,,White or Caucasian,,"Some college, but no degree"
R_3ghW0jp3MfRehpQ,No,,No,,No,,Yes; as a participant,,No,,No,,"No, I don’t own smart devices",,25-34 years old,Non-binary / third gender,,White or Caucasian,,"Some college, but no degree"
R_67IgIuTMdCi85ct,Yes,,"No, but I have been in the past",,Yes,,No,,No,,"Yes, and I use the smart features",,"Yes, I currently use home automation",,35-44 years old,Male,,White or Caucasian,,"Graduate or professional degree (MA, MS, MBA, PhD, JD, MD, DDS etc.)"
R_1RaznavDCHne6h6,No,,No,,No,,No,,No,,No,,"No, I do not use home automation, but I do own smart devices",,45-54 years old,Female,,Asian,,Bachelor’s degree
R_60qKv7Z4O7GGLiv,No,,No,,No,,No,,No,,"Yes, and I use the smart features",,"No, I do not use home automation, but I do own smart devices",,35-44 years old,Male,,White or Caucasian,,Bachelor’s degree
R_7Nn6YR4g9wfxcWt,No,,No,,No,,No,,No,,"Yes, and I use the smart features",,"No, I do not use home automation, but I do own smart devices",,25-34 years old,Female,,White or Caucasian,,"Graduate or professional degree (MA, MS, MBA, PhD, JD, MD, DDS etc.)"
R_65TS7u42BidpYMb,No,,Yes,Just starting AI /IT type work aside from my main career,No,,No,,No,,"Yes, but I don’t use the smart features",,"No, I do not use home automation, but I do own smart devices",,35-44 years old,Female,,White or Caucasian,,Associates or technical degree
R_1pF6Sm99uTl334B,No,,No,,No,,Yes; as a researcher,,"No, but I have been in the past",,"Yes, and I use the smart features",,"Yes, I have used home automation, but not currently",,25-34 years old,Female,,Asian,,Bachelor’s degree
R_62G42KFDazpbpF5,No,,Yes,,No,,No,,No,,"Yes, and I use the smart features",,"No, I do not use home automation, but I do own smart devices",,18-24 years old,Male,,White or Caucasian,,High school diploma or GED
R_3Cwgz6dVyWWkuAC,No,,No,,No,,No,,No,,"Yes, and I use the smart features",,"No, I do not use home automation, but I do own smart devices",,25-34 years old,Female,,White or Caucasian,,Bachelor’s degree
R_5qeA5rDpsCuN6Oc,No,,No,,No,,No,,No,,"Yes, and I use the smart features",,"Yes, I currently use home automation",,35-44 years old,Female,,Asian,,Bachelor’s degree
R_6RWXdRxaFpTBDK7,No,,No,,No,,No,,No,,No,,"No, I don’t own smart devices",,65+ years old,Female,,White or Caucasian,,Bachelor’s degree
R_3IAiSepYQCFYNp2,No,,No,,No,,Yes; as a participant,,Yes,,"Yes, and I use the smart features",,"No, I do not use home automation, but I do own smart devices",,25-34 years old,Female,,White or Caucasian,,Associates or technical degree
R_1I5WkG7nY9cdHms,No,,No,,No,,No,,No,,No,,"No, I don’t own smart devices",,25-34 years old,Female,,Asian,,Bachelor’s degree
R_12mf4q3UyXdvtS1,No,,No,,No,,No,,Yes,,"Yes, and I use the smart features",,"No, I do not use home automation, but I do own smart devices",,25-34 years old,Female,,Asian,,"Graduate or professional degree (MA, MS, MBA, PhD, JD, MD, DDS etc.)"
R_75zXKAfWEtmqE81,No,,Yes,,Yes,,No,,No,,"Yes, and I use the smart features",,"Yes, I currently use home automation",,25-34 years old,Male,,Asian,,Bachelor’s degree
R_5TpcovTvJtmlT33,No,,No,,No,,No,,No,,"Yes, and I use the smart features",,"No, I do not use home automation, but I do own smart devices",,35-44 years old,Female,,White or Caucasian,,Associates or technical degree
R_5lLnj2KX2itm0CY,No,,No,,No,,No,,No,,"Yes, but I don’t use the smart features",,"Yes, I have used home automation, but not currently",,35-44 years old,Female,,White or Caucasian,,"Graduate or professional degree (MA, MS, MBA, PhD, JD, MD, DDS etc.)"
R_3AKEKbjvLt1pYkR,No,,No,,No,,Yes; as a participant,,No,,"Yes, but I don’t use the smart features",,"Yes, I have used home automation, but not currently",,65+ years old,Female,,White or Caucasian,,Bachelor’s degree
R_3gHdvho6tQnkFkQ,No,,No,,No,,No,,No,,"Yes, and I use the smart features",,"No, I don’t own smart devices",,55-64 years old,Male,,White or Caucasian,,"Some college, but no degree"
R_1lrWbeQEgMXwOop,No,,No,,No,,No,,No,,"Yes, but I don’t use the smart features",,"No, I do not use home automation, but I do own smart devices",,18-24 years old,Female,,White or Caucasian,,Bachelor’s degree
R_1DOb9BeUecTxusQ,No,,No,,No,,No,,No,,"Yes, and I use the smart features",,"Yes, I have used home automation, but not currently",,25-34 years old,Female,,White or Caucasian,,"Some college, but no degree"
R_1ErHeTKg6R1uOE1,Yes,,No,,No,,No,,No,,No,,"No, I don’t own smart devices",,25-34 years old,Female,,Asian,,Bachelor’s degree
R_6eM2mL4Le4oPjUZ,No,,"No, but I have been in the past",,Yes,,Yes; as a participant,,No,,"Yes, and I use the smart features",,"Yes, I currently use home automation",,65+ years old,Male,,White or Caucasian,,Bachelor’s degree
R_6eJ0Xnj5vB818St,No,,"No, but I have been in the past",,No,,No,,"No, but I have been in the past",,"Yes, but I don’t use the smart features",,"No, I do not use home automation, but I do own smart devices",,35-44 years old,Male,,White or Caucasian,,Associates or technical degree
R_7Mzfvh0zu6v2gWl,No,,No,,No,,No,,No,,No,,"No, I don’t own smart devices",,25-34 years old,Male,,White or Caucasian,,Bachelor’s degree
R_7FQbZ79xiwV5gkH,No,,No,,No,,No,,No,,"Yes, but I don’t use the smart features",,"No, I do not use home automation, but I do own smart devices",,35-44 years old,Male,,Prefer not to say,,Prefer not to say
R_77wqLLCaQmmADqp,No,,Yes,"Data scientist, well versed with programming and AI tools",No,,Yes; as a researcher,As a theoretical epidemiologist,Yes,Previously as a theoretical epidemiologist,No,,"No, I don’t own smart devices",,55-64 years old,Male,,Asian,,"Graduate or professional degree (MA, MS, MBA, PhD, JD, MD, DDS etc.)"
R_71IcgNmBTjuFyHn,No,,No,,No,,Yes; as a participant,,No,,"Yes, but I don’t use the smart features",,"No, I do not use home automation, but I do own smart devices",,35-44 years old,Female,,White or Caucasian,,"Some college, but no degree"
R_5j5eP5LDcXA0vjb,No,,No,,No,,No,,No,,No,,"No, I don’t own smart devices",,45-54 years old,Male,,White or Caucasian,,Bachelor’s degree
R_6wNVdDQjSYAcZac,No,,Yes,,Yes,,Yes; as a researcher,,No,,"Yes, and I use the smart features",,"Yes, I currently use home automation",,25-34 years old,Male,,Prefer not to say,,Bachelor’s degree
R_5QnLVGIPijUFL6U,No,,No,,No,,No,,Yes,,"Yes, and I use the smart features",,"Yes, I currently use home automation",,25-34 years old,Female,,Asian,,"Graduate or professional degree (MA, MS, MBA, PhD, JD, MD, DDS etc.)"
R_33VKb5WfiSCYUJ4,No,,No,,No,,No,,No,,"Yes, and I use the smart features",,"Yes, I currently use home automation",,25-34 years old,Female,,White or Caucasian,,High school diploma or GED
R_1VkCiDZ0lUEvkG4,No,,No,,No,,Yes; as a participant,,No,,No,,"No, I don’t own smart devices",,25-34 years old,Non-binary / third gender,,White or Caucasian,,Bachelor’s degree
R_1vLDkHEFgv1hoB3,No,,No,,No,,No,,No,,"Yes, but I don’t use the smart features",,"No, I do not use home automation, but I do own smart devices",,45-54 years old,Female,,Prefer to self-describe,mixed,Bachelor’s degree
R_7Pc16VGCwQJDhBL,No,,No,,No,,No,,No,,"Yes, and I use the smart features",,"No, I do not use home automation, but I do own smart devices",,18-24 years old,Non-binary / third gender,,White or Caucasian,,"Some college, but no degree"
R_5fdkT2kNr8O2ZtT,No,,No,,No,,No,,Yes,,No,,"Yes, I have used home automation, but not currently",,55-64 years old,Female,,Black or African American,,Associates or technical degree
R_77EergnQZOTdxQj,No,,No,,No,,Yes; as a participant,,No,,"Yes, and I use the smart features",,"Yes, I currently use home automation",,35-44 years old,Female,,White or Caucasian,,"Graduate or professional degree (MA, MS, MBA, PhD, JD, MD, DDS etc.)"
R_1dAknzJQIhtXiJN,No,,No,,No,,No,,No,,"Yes, but I don’t use the smart features",,"No, I do not use home automation, but I do own smart devices",,35-44 years old,Male,,White or Caucasian,,"Some college, but no degree"
R_5T176KdAegLqmHv,No,,"No, but I have been in the past",,Yes,,Yes; as a participant,,No,,"Yes, and I use the smart features",,"Yes, I currently use home automation",,35-44 years old,Female,,Asian,,Bachelor’s degree
R_1n3oRQ0UONpgdEB,No,,No,,No,,No,,No,,"Yes, and I use the smart features",,"No, I do not use home automation, but I do own smart devices",,55-64 years old,Female,,White or Caucasian,,Bachelor’s degree
R_1I0k5iXWugbyweq,No,,No,,No,,Yes; as a researcher,,"No, but I have been in the past",,No,,"No, I don’t own smart devices",,45-54 years old,Female,,White or Caucasian,,Bachelor’s degree
R_6aS2iDqA2PGKqnD,No,,No,,No,,No,,No,,"Yes, but I don’t use the smart features",,"No, I don’t own smart devices",,25-34 years old,Male,,White or Caucasian,,High school diploma or GED
R_6tW2uDEcMQJAb4J,No,,"No, but I have been in the past",,No,,No,,No,,"Yes, and I use the smart features",,"No, I do not use home automation, but I do own smart devices",,45-54 years old,Female,,White or Caucasian,,"Some college, but no degree"
R_1F1Y8wGynsMRT2T,No,,No,,No,,Yes; as a participant,,No,,"Yes, and I use the smart features",,"Yes, I have used home automation, but not currently",,25-34 years old,Male,,White or Caucasian,,"Graduate or professional degree (MA, MS, MBA, PhD, JD, MD, DDS etc.)"
R_5dLN3o8tQ1Od5Zk,No,,No,,No,,No,,No,,"Yes, but I don’t use the smart features",,"No, I do not use home automation, but I do own smart devices",,35-44 years old,Male,,Black or African American,,"Some college, but no degree"
R_7o53NTxwq0OQRb4,No,,"No, but I have been in the past",,Yes,,No,,No,,"Yes, and I use the smart features",,"No, I do not use home automation, but I do own smart devices",,35-44 years old,Male,,White or Caucasian,,Bachelor’s degree
R_60OGVrBny8Sa4JF,No,,No,,No,,No,,No,,"Yes, and I use the smart features",,"Yes, I currently use home automation",,55-64 years old,Male,,White or Caucasian,,Bachelor’s degree
R_5rk2y0lHGXnkQVp,No,,No,,No,,No,,No,,No,,"No, I don’t own smart devices",,25-34 years old,Male,,White or Caucasian,,High school diploma or GED
R_5esFSpWTmbzCYBt,No,,No,,No,,No,,"No, but I have been in the past",,"Yes, and I use the smart features",,"No, I do not use home automation, but I do own smart devices",,18-24 years old,Female,,White or Caucasian,,Bachelor’s degree
R_5LPIoPC2uP6p7Ut,No,,No,,No,,No,,No,,"Yes, but I don’t use the smart features",,"No, I do not use home automation, but I do own smart devices",,45-54 years old,Female,,Black or African American,,"Some college, but no degree"
R_7WJqaSty2tQ1Xug,No,,No,,No,,No,,No,,"Yes, but I don’t use the smart features",,"No, I do not use home automation, but I do own smart devices",,45-54 years old,Male,,White or Caucasian,,"Graduate or professional degree (MA, MS, MBA, PhD, JD, MD, DDS etc.)"
R_7YBqotTKWRZ8IdX,No,,No,,No,,Yes; as a participant,,No,,"Yes, and I use the smart features",,"No, I do not use home automation, but I do own smart devices",,55-64 years old,Male,,White or Caucasian,,"Some college, but no degree"
R_3gHqpQiUNLtqts7,No,,Yes,,Yes,,No,,No,,"Yes, and I use the smart features",,"Yes, I currently use home automation",,25-34 years old,Male,,White or Caucasian,,Bachelor’s degree
R_6w1y8i1rZnWdpmt,No,,No,,No,,No,,No,,"Yes, and I use the smart features",,"Yes, I have used home automation, but not currently",,25-34 years old,Female,,Native Hawaiian or Other Pacific Islander,,High school diploma or GED
R_7J7Nr1wZ0C5AiKS,No,,No,,No,,Yes; as a researcher,,No,,"Yes, and I use the smart features",,"No, I do not use home automation, but I do own smart devices",,25-34 years old,Male,,White or Caucasian,,"Graduate or professional degree (MA, MS, MBA, PhD, JD, MD, DDS etc.)"
R_11FzXDrfq1ew6cZ,No,,No,,No,Taking IT Courses,No,,No,,"Yes, and I use the smart features",,"Yes, I currently use home automation",,35-44 years old,Male,,White or Caucasian,,"Some college, but no degree"
R_5E133eTkzVRDfmN,No,,Yes,,Yes,,No,,No,,"Yes, and I use the smart features",,"No, I do not use home automation, but I do own smart devices",,25-34 years old,Male,,Black or African American,,Bachelor’s degree
R_3qlqqwOW2tk279v,No,,No,,No,,No,,No,,"Yes, but I don’t use the smart features",,"No, I don’t own smart devices",,45-54 years old,Male,,White or Caucasian,,High school diploma or GED
R_31dw02xkvfS4uVQ,No,,No,,No,,No,,No,,No,,"No, I don’t own smart devices",,45-54 years old,Female,,White or Caucasian,,"Graduate or professional degree (MA, MS, MBA, PhD, JD, MD, DDS etc.)"
R_6VxBhftI46zCaIM,No,,"No, but I have been in the past",,Yes,,No,,"No, but I have been in the past",,No,,"No, I don’t own smart devices","I have read a lot about home automation, but I have not used home automation.",55-64 years old,Male,,American Indian/Native American or Alaska Native,,Bachelor’s degree
R_6TX4vEhzHz1CkH7,No,,"No, but I have been in the past",,No,,No,,No,,No,,"No, I don’t own smart devices",,25-34 years old,Female,,Black or African American,,Associates or technical degree
R_10NZtNKNw0GOfUB,Yes,,No,,Yes,,No,,No,,"Yes, and I use the smart features",,"Yes, I currently use home automation",,18-24 years old,Male,,Asian,,Associates or technical degree
R_5Bmpfepy6WmLp0v,No,,No,,No,,No,,No,,"Yes, and I use the smart features",,"No, I do not use home automation, but I do own smart devices",,18-24 years old,Female,,White or Caucasian,,Associates or technical degree
R_1O7GHLrKROKQk36,No,,No,,No,,No,,No,,"Yes, and I use the smart features",,"Yes, I currently use home automation",,25-34 years old,Female,,White or Caucasian,,"Graduate or professional degree (MA, MS, MBA, PhD, JD, MD, DDS etc.)"
R_1srFdtbrZSUM79T,No,,No,,No,,No,,"No, but I have been in the past",,No,,"No, I don’t own smart devices",,35-44 years old,Male,,White or Caucasian,,"Some college, but no degree"
R_1F2Nhtk4EsTxMJ4,No,,"No, but I have been in the past",,No,,No,,No,,"Yes, and I use the smart features",,"No, I do not use home automation, but I do own smart devices",,65+ years old,Male,,Black or African American,,Bachelor’s degree
R_7IlQlofOXrEJCcT,No,,No,,No,,No,,No,,"Yes, and I use the smart features",,"No, I do not use home automation, but I do own smart devices",,25-34 years old,Female,,White or Caucasian,,"Graduate or professional degree (MA, MS, MBA, PhD, JD, MD, DDS etc.)"
R_6oxq0RzEkQbcpq1,No,,No,,No,,No,,No,,"Yes, but I don’t use the smart features",,"No, I do not use home automation, but I do own smart devices",,18-24 years old,Female,,White or Caucasian,,High school diploma or GED
R_5rwI4ltUwuEgebC,No,,No,,No,,Yes; as a participant,,No,,"Yes, and I use the smart features",,"No, I do not use home automation, but I do own smart devices",,35-44 years old,Female,,Asian,,Bachelor’s degree
R_10AzzI3wJmfkFcd,No,,No,,No,,No,,No,,"Yes, and I use the smart features",,"Yes, I have used home automation, but not currently",,25-34 years old,Male,,White or Caucasian,,Bachelor’s degree
R_5n6qGKmHodFADqg,Yes,,No,,No,,No,,No,,"Yes, and I use the smart features",,"No, I do not use home automation, but I do own smart devices",,18-24 years old,Female,,Prefer to self-describe,Hispanic/Latino,High school diploma or GED
R_7cAYIsme5fThQ1b,No,,"No, but I have been in the past",,No,,No,,No,,"Yes, but I don’t use the smart features",,"No, I do not use home automation, but I do own smart devices",,25-34 years old,Male,,White or Caucasian,,Bachelor’s degree
R_5PsTXeUB73DpaiY,No,,No,,No,,No,,No,,No,,"No, I don’t own smart devices",,18-24 years old,Female,,White or Caucasian,,High school diploma or GED
R_7R95JRyBdAeHxHm,No,,No,,No,,No,,No,,"No, but I have in the past",,"Yes, I have used home automation, but not currently",,18-24 years old,Male,,Black or African American,,High school diploma or GED
R_5curxvnD3PXWCrr,No,,Yes,,No,,Yes; as a participant,,No,,"Yes, and I use the smart features",,"No, I do not use home automation, but I do own smart devices",,25-34 years old,Male,,Asian,,"Graduate or professional degree (MA, MS, MBA, PhD, JD, MD, DDS etc.)"
R_3IGJ6LuNwcngfm1,Yes,,Yes,,Yes,,No,,No,,"Yes, and I use the smart features",,"Yes, I currently use home automation",,35-44 years old,Male,,White or Caucasian,,Bachelor’s degree
R_5kT7IaFBXStCdZl,No,,No,,No,,No,,Yes,,"Yes, and I use the smart features",,"Yes, I currently use home automation",,25-34 years old,Female,,White or Caucasian,,"Graduate or professional degree (MA, MS, MBA, PhD, JD, MD, DDS etc.)"
R_7nML8LiDdckFbzM,No,,No,,No,,No,,No,,"Yes, and I use the smart features",,"Yes, I currently use home automation",,18-24 years old,Female,,"White or Caucasian,Black or African American",,Bachelor’s degree
R_7FS0kMKZ2zHJ2vf,No,,No,,No,,No,,No,,"Yes, and I use the smart features",,"Yes, I currently use home automation",,45-54 years old,Male,,White or Caucasian,,Associates or technical degree
R_5ESGZRTmO3O1E2J,No,,No,,No,,No,,No,,"Yes, and I use the smart features",,"Yes, I currently use home automation",,45-54 years old,Female,,White or Caucasian,,Associates or technical degree
R_7zN3KmLTlCXqjTk,No,,No,,No,,No,,No,,No,,"No, I don’t own smart devices",,45-54 years old,Female,,White or Caucasian,,High school diploma or GED
R_6RmweMJuMuFddUb,No,,No,,No,I have taken some college classes on it.,No,,No,,No,,"No, I don’t own smart devices",,18-24 years old,Male,,Asian,,Associates or technical degree
R_5s1PobAe1Pbc9QO,No,,No,,No,,No,,No,,No,,"No, I don’t own smart devices",,35-44 years old,Male,,Black or African American,,Bachelor’s degree
R_649zPYu0NTYt1Ch,No,,Yes,,Yes,,Yes; as a participant,,No,,No,,"No, I don’t own smart devices",,35-44 years old,Male,,White or Caucasian,,Bachelor’s degree
R_7l9mBGkyrHEXgDq,No,,No,,No,,Yes; as a participant,,No,,"Yes, and I use the smart features",,"Yes, I currently use home automation",,25-34 years old,Female,,Asian,,Bachelor’s degree
R_6cTAeUvPfEsJk6C,No,,No,,No,,No,,No,,"Yes, but I don’t use the smart features",,"No, I do not use home automation, but I do own smart devices",,45-54 years old,Female,,White or Caucasian,,"Some college, but no degree"
R_5nAzyWxUnxVwQiK,No,,No,,No,,Yes; as a researcher,,Yes,,"Yes, but I don’t use the smart features",,"No, I do not use home automation, but I do own smart devices",,25-34 years old,Female,,White or Caucasian,,"Graduate or professional degree (MA, MS, MBA, PhD, JD, MD, DDS etc.)"
R_5AoUVJNB7iOZTLb,No,,No,,No,,No,,No,,"Yes, but I don’t use the smart features",,"No, I do not use home automation, but I do own smart devices",,18-24 years old,Male,,White or Caucasian,,"Some college, but no degree"
R_6YPu3Zpomps1A8z,No,,No,,No,,Yes; as a researcher,,No,,No,,"No, I don’t own smart devices",,25-34 years old,Female,,Asian,,"Graduate or professional degree (MA, MS, MBA, PhD, JD, MD, DDS etc.)"
R_7OdIUsCOdQNahy6,No,,No,,No,,No,,No,,"Yes, and I use the smart features",,"Yes, I currently use home automation",,35-44 years old,Male,,White or Caucasian,,"Some college, but no degree"
R_1eF2ZRue4PsBGKY,Yes,,No,,No,,No,,No,,No,,"No, I don’t own smart devices",,55-64 years old,Male,,White or Caucasian,,"Some college, but no degree"
R_6Kr99f6XKJ7p1A8,No,,No,,No,,No,,No,,"Yes, and I use the smart features",,"Yes, I have used home automation, but not currently",,25-34 years old,Male,,White or Caucasian,,"Graduate or professional degree (MA, MS, MBA, PhD, JD, MD, DDS etc.)"
R_1D7uIGhTiygt1b4,No,,No,,No,,No,,No,,"Yes, and I use the smart features",,"No, I do not use home automation, but I do own smart devices",,35-44 years old,Female,,Black or African American,,High school diploma or GED
R_5MX6ZyOMsFyjAyZ,No,,No,,No,,No,,No,,No,,"No, I don’t own smart devices",,18-24 years old,Male,,White or Caucasian,,Bachelor’s degree
R_5MscO3vDwfjl0qd,No,,Yes,I am an administrative program support in the Biomedical Engineering Department at a University,No,,Yes; as a participant,,"No, but I have been in the past",,"Yes, and I use the smart features",,"No, I do not use home automation, but I do own smart devices",,35-44 years old,Female,,White or Caucasian,,Bachelor’s degree
R_60PAc33tSeOOzpn,Yes,,No,,No,,Yes; as a participant,,No,,"Yes, and I use the smart features",,"Yes, I have used home automation, but not currently",,25-34 years old,Male,,"White or Caucasian,American Indian/Native American or Alaska Native",,Bachelor’s degree
R_13YlxdIhkGwKWZ3,No,,No,,No,,No,,No,,No,,"No, I do not use home automation, but I do own smart devices",,55-64 years old,Female,,White or Caucasian,,"Graduate or professional degree (MA, MS, MBA, PhD, JD, MD, DDS etc.)"
R_1zuOmyKUkOkC06R,No,,No,,No,,No,,No,,"Yes, and I use the smart features",,"Yes, I currently use home automation",,35-44 years old,Male,,White or Caucasian,,Bachelor’s degree
R_63jpd5IJisIJJAZ,No,,No,,No,,No,,No,,"Yes, and I use the smart features",,"No, I do not use home automation, but I do own smart devices",,25-34 years old,Female,,White or Caucasian,,High school diploma or GED
R_7gjxhmFGohYBGCJ,No,,No,,Yes,,No,,No,,"Yes, and I use the smart features",,"No, I do not use home automation, but I do own smart devices",,18-24 years old,Female,,Asian,,"Some college, but no degree"
R_7zFUfXSrnUqmBCC,No,,No,,No,,No,,No,,"Yes, and I use the smart features",,"No, I do not use home automation, but I do own smart devices",,45-54 years old,Female,,White or Caucasian,,"Some college, but no degree"
R_7doXkIdkVUwF0ss,Yes,,Yes,,Yes,,No,,No,,"Yes, and I use the smart features",,"No, I do not use home automation, but I do own smart devices",,35-44 years old,Male,,Asian,,Bachelor’s degree
R_39npzNz9VbFP70C,No,,No,,No,,No,,No,,No,,"No, I don’t own smart devices",,35-44 years old,Female,,White or Caucasian,,Associates or technical degree
R_5TUmwpWw77lXItO,No,,No,,No,,No,,No,,"Yes, but I don’t use the smart features",,"No, I do not use home automation, but I do own smart devices",,18-24 years old,Male,,White or Caucasian,,High school diploma or GED
R_5kmWAfJnQIGLoNr,Yes,,Yes,,No,,No,,No,,No,,"No, I don’t own smart devices",,45-54 years old,Female,,White or Caucasian,,High school diploma or GED
R_5FLwwyF3XUuDGox,No,,No,,No,,No,,No,,No,,"No, I don’t own smart devices",,35-44 years old,Female,,White or Caucasian,,"Graduate or professional degree (MA, MS, MBA, PhD, JD, MD, DDS etc.)"
R_3eJewc2jWA7EK69,No,,No,,No,,No,,No,,"Yes, but I don’t use the smart features",,"Yes, I have used home automation, but not currently",,25-34 years old,Male,,White or Caucasian,,"Some college, but no degree"
R_1IQIeqlM4dg9IA1,No,,No,,No,,No,,No,,No,,"No, I don’t own smart devices",,35-44 years old,Female,,White or Caucasian,,"Graduate or professional degree (MA, MS, MBA, PhD, JD, MD, DDS etc.)"
R_7eEG0rmAHGZb0Si,No,,No,,No,,No,,Yes,,No,,"No, I don’t own smart devices",,35-44 years old,Male,,Asian,,"Graduate or professional degree (MA, MS, MBA, PhD, JD, MD, DDS etc.)"
R_7IQ31CAJ3Gg5Ca9,No,,No,,No,,No,,"No, but I have been in the past",,"Yes, but I don’t use the smart features",,"No, I do not use home automation, but I do own smart devices",,18-24 years old,Female,,White or Caucasian,,Associates or technical degree
R_6RlIZHvChCY8eYB,No,,No,,No,,No,,No,,"Yes, but I don’t use the smart features",,"No, I don’t own smart devices",,25-34 years old,Female,,Asian,,Bachelor’s degree
R_5Ev2bIo2j9oGSYo,No,,Yes,,No,,No,,No,,No,,"No, I don’t own smart devices",,35-44 years old,Female,,White or Caucasian,,Bachelor’s degree
R_3DZBCsHXJrWQgoh,No,,No,,No,,No,,No,,"Yes, and I use the smart features",,"Yes, I have used home automation, but not currently",,25-34 years old,Female,,Black or African American,,Bachelor’s degree
R_5z7grkYQoF33tW9,No,,No,,No,,No,,No,,No,,"No, I don’t own smart devices",,45-54 years old,Female,,White or Caucasian,,"Graduate or professional degree (MA, MS, MBA, PhD, JD, MD, DDS etc.)"
R_6MGTD189zL5JnFh,No,,No,,No,,No,,No,,"Yes, but I don’t use the smart features",,"No, I do not use home automation, but I do own smart devices",,45-54 years old,Male,,White or Caucasian,,"Some college, but no degree"
R_5NF1HehRlSttP3A,No,,No,,No,,No,,No,,"Yes, but I don’t use the smart features",,"No, I do not use home automation, but I do own smart devices",,25-34 years old,Female,,White or Caucasian,,Some high school or less
R_6CWeQAEJAAx6uRi,No,,No,,No,,No,,No,,"No, but I have in the past",,"No, I don’t own smart devices",,25-34 years old,Prefer not to say,,Prefer not to say,,Prefer not to say
R_5p9DujQmRP3Oe3N,No,,No,,No,,No,,No,,No,,"No, I don’t own smart devices",,55-64 years old,Male,,White or Caucasian,,Bachelor’s degree
R_3wmGySo0FCbmm1h,No,,No,,No,,No,,No,,"Yes, but I don’t use the smart features",,"No, I do not use home automation, but I do own smart devices",,45-54 years old,Male,,White or Caucasian,,"Graduate or professional degree (MA, MS, MBA, PhD, JD, MD, DDS etc.)"
R_1D7pcdNbURwTRm0,No,I am if it's the same as sandboxing,Yes,,Yes,,Yes; as a researcher,I work in IT for a hospital but don't directly do medical research.,Yes,Not as a medical provider like the examples,"Yes, and I use the smart features",,"Yes, I currently use home automation",,35-44 years old,Male,,White or Caucasian,,Associates or technical degree
R_1W8pjJAMeJGeYiB,No,,Yes,,Yes,,No,,No,,"Yes, but I don’t use the smart features",,"Yes, I have used home automation, but not currently",,25-34 years old,Male,,White or Caucasian,,Bachelor’s degree
R_3zI4RirL5NYV33z,No,,No,,No,,No,,No,,"Yes, but I don’t use the smart features",,"No, I do not use home automation, but I do own smart devices",,55-64 years old,Female,,Black or African American,,"Some college, but no degree"
R_7In53kUmQfUZxlL,No,,No,,No,,No,,No,,"Yes, and I use the smart features",,"Yes, I currently use home automation",,25-34 years old,Female,,White or Caucasian,,Bachelor’s degree
R_63BcWe4m0WrHlcJ,No,,No,,No,,No,,No,,No,,"No, I do not use home automation, but I do own smart devices",,25-34 years old,Male,,White or Caucasian,,High school diploma or GED
R_7RravanmOHr5xWF,No,,No,,No,,Yes; as a participant,,No,,No,,"No, I don’t own smart devices",,25-34 years old,Female,,Asian,,Bachelor’s degree
R_3NfskA8Ovklri4C,No,,Yes,,No,,No,,No,,"Yes, and I use the smart features",,"No, I do not use home automation, but I do own smart devices",,55-64 years old,Male,,White or Caucasian,,"Graduate or professional degree (MA, MS, MBA, PhD, JD, MD, DDS etc.)"
R_6Nf5Tz4f3PNCUVA,No,,No,,No,,No,,No,,No,,"No, I don’t own smart devices",,55-64 years old,Male,,White or Caucasian,,"Some college, but no degree"
R_1izfMAswCCDZEnN,No,,No,,No,,No,,No,,"No, but I have in the past",,"No, I do not use home automation, but I do own smart devices",,25-34 years old,Female,,White or Caucasian,,"Graduate or professional degree (MA, MS, MBA, PhD, JD, MD, DDS etc.)"
R_72RVfy94iFgyB69,Yes,,"No, but I have been in the past",,No,,Yes; as a participant,,No,,"Yes, and I use the smart features",,"Yes, I have used home automation, but not currently",,55-64 years old,Female,,White or Caucasian,,Bachelor’s degree
R_19n6U8YqJ8pPRPA,No,,No,,No,,No,,"No, but I have been in the past",,"Yes, but I don’t use the smart features",,"No, I do not use home automation, but I do own smart devices",,35-44 years old,Male,,White or Caucasian,,High school diploma or GED
R_6wzCEZYUR64lE7E,No,,Yes,,No,,No,,No,,"Yes, and I use the smart features",,"Yes, I have used home automation, but not currently",,25-34 years old,Male,,White or Caucasian,,Bachelor’s degree
R_5qC8PuzvLD6OEkj,No,,No,,No,,No,,No,,"Yes, and I use the smart features",,"Yes, I currently use home automation",,35-44 years old,Female,,Asian,,"Graduate or professional degree (MA, MS, MBA, PhD, JD, MD, DDS etc.)"
R_5IgxKAkLh1mrvWR,No,,No,,No,,No,,No,,"Yes, and I use the smart features",,"Yes, I currently use home automation",,25-34 years old,Female,,White or Caucasian,,"Graduate or professional degree (MA, MS, MBA, PhD, JD, MD, DDS etc.)"
R_3SYXByP4q8RrykF,No,,No,,No,,No,,No,,"Yes, and I use the smart features",,"Yes, I have used home automation, but not currently",,18-24 years old,Male,,White or Caucasian,,"Some college, but no degree"
R_19stRKpG4OVbm0N,No,,Yes,,No,,No,,No,,"Yes, and I use the smart features",,"Yes, I currently use home automation",,35-44 years old,Male,,Black or African American,,High school diploma or GED
R_7U3BpwJHfcfJBb4,No,,No,,No,,No,,No,,"Yes, and I use the smart features",,"Yes, I currently use home automation",,65+ years old,Male,,White or Caucasian,,Associates or technical degree
R_6BmTZP291r3d0Wc,No,,No,,No,,No,,No,,"Yes, but I don’t use the smart features","Yes, but I do not use many of the 'smart' features.","No, I do not use home automation, but I do own smart devices",,65+ years old,Male,,Prefer not to say,,Bachelor’s degree
R_3KDYxGFxUzPHePF,No,,No,,No,,Yes; as a participant,,No,,No,,"No, I don’t own smart devices",,35-44 years old,Male,,White or Caucasian,,"Graduate or professional degree (MA, MS, MBA, PhD, JD, MD, DDS etc.)"
R_64HkTjAVVRiHku5,No,,No,,No,,No,,No,,"Yes, and I use the smart features",,"No, I do not use home automation, but I do own smart devices",,18-24 years old,Female,,White or Caucasian,,"Some college, but no degree"
R_5PjzKhZcom7qpLl,No,,No,,No,,No,,No,,"Yes, but I don’t use the smart features",,"No, I do not use home automation, but I do own smart devices",,35-44 years old,Male,,"White or Caucasian,Asian",,Associates or technical degree
R_4ERxNml4Z3g86M0,No,,No,,No,,No,,No,,No,,"No, I don’t own smart devices",,18-24 years old,Female,,White or Caucasian,,"Some college, but no degree"
R_6ruEloTJwgmS2ym,No,,Yes,,Yes,,No,,No,,No,,"No, I don’t own smart devices",,45-54 years old,Female,,White or Caucasian,,"Graduate or professional degree (MA, MS, MBA, PhD, JD, MD, DDS etc.)"
R_7BqVUaLp7duVeWH,No,,"No, but I have been in the past",,Yes,,No,,No,,"Yes, and I use the smart features",,"Yes, I have used home automation, but not currently",,35-44 years old,Male,,White or Caucasian,,"Some college, but no degree"
R_3LXqLrFASXbvhl5,No,,No,,No,,No,,No,,"Yes, but I don’t use the smart features",,"Yes, I have used home automation, but not currently",,35-44 years old,Male,,White or Caucasian,,Bachelor’s degree
R_7NDEHPqQVEwWJoX,No,,No,,No,,No,,No,,"Yes, and I use the smart features",,"No, I do not use home automation, but I do own smart devices",,45-54 years old,Male,,White or Caucasian,,Bachelor’s degree
R_6mA6wacQ44aPejD,No,,No,,No,,No,,No,,"Yes, and I use the smart features",,"No, I do not use home automation, but I do own smart devices",,25-34 years old,Male,,White or Caucasian,,High school diploma or GED
R_5tlGchsxAZxLb92,No,,No,,No,,Yes; as a participant,ive done chronic migraine studies,No,,"Yes, and I use the smart features",,"No, I do not use home automation, but I do own smart devices",,25-34 years old,Female,,White or Caucasian,,"Some college, but no degree"
R_5M2Jflom1RtruPn,No,,Yes,,No,,No,,No,,"Yes, and I use the smart features",,"Yes, I currently use home automation",,25-34 years old,Male,,White or Caucasian,,"Some college, but no degree"
R_34AV4MkRLl2atwf,Yes,,Yes,,Yes,,No,,No,,"Yes, and I use the smart features",,"Yes, I currently use home automation",,18-24 years old,Male,,Asian,,Bachelor’s degree
R_5w51plaKOsuThnV,No,,No,,No,,No,,No,,"Yes, and I use the smart features",,"No, I do not use home automation, but I do own smart devices",,25-34 years old,Female,,White or Caucasian,,Bachelor’s degree
R_3I5g06gKcSxuiSV,No,,No,,No,,No,,No,,"Yes, but I don’t use the smart features",,"No, I do not use home automation, but I do own smart devices",,18-24 years old,Non-binary / third gender,,White or Caucasian,,High school diploma or GED
R_795ExzJFWG9wH4P,I'm not sure/Other,,No,,No,,No,,No,,"Yes, and I use the smart features",,"Yes, I currently use home automation",,55-64 years old,Male,,Asian,,"Some college, but no degree"
R_73fjFzkgUeEOmFc,No,,No,,No,,No,,"No, but I have been in the past",,No,,"No, I don’t own smart devices",,55-64 years old,Female,,White or Caucasian,,Associates or technical degree
R_1MrN1fBUIi3XY0e,No,,"No, but I have been in the past",,No,,No,,No,,"Yes, and I use the smart features",,"Yes, I have used home automation, but not currently",,25-34 years old,Male,,Prefer to self-describe,hispanic,"Some college, but no degree"
R_6Avm5PtXQQJeNm9,No,,No,,No,,No,,No,,No,,"No, I don’t own smart devices",,25-34 years old,Male,,White or Caucasian,,"Some college, but no degree"
R_3FLEYhHGnm4KqLG,No,,No,,No,,Yes; as a participant,,No,,"Yes, but I don’t use the smart features",,"Yes, I have used home automation, but not currently",,25-34 years old,Female,,White or Caucasian,,Bachelor’s degree
R_6CxWiol3O6GiiTA,No,,No,,No,,No,,No,,"Yes, and I use the smart features",,"No, I do not use home automation, but I do own smart devices",,35-44 years old,Male,,White or Caucasian,,Associates or technical degree
R_3jdppjYTX6hsrM8,No,,No,,No,,No,,No,,"Yes, and I use the smart features",,"Yes, I currently use home automation",,35-44 years old,Male,,Asian,,"Graduate or professional degree (MA, MS, MBA, PhD, JD, MD, DDS etc.)"
R_5FGNf67jQDOYqxX,No,,No,,No,,No,,No,,No,,"No, I don’t own smart devices",,18-24 years old,Female,,White or Caucasian,,Bachelor’s degree
R_7Qby6kqmVxwwLs7,No,,No,,No,,No,,No,,"Yes, and I use the smart features",,"No, I do not use home automation, but I do own smart devices",,55-64 years old,Female,,White or Caucasian,,"Some college, but no degree"
R_58OkQE4me6T0RFI,Yes,,Yes,,No,,No,,No,,"Yes, and I use the smart features",,"No, I do not use home automation, but I do own smart devices",,45-54 years old,Male,,White or Caucasian,,Bachelor’s degree
R_1R7PBOYP0Jqvcbv,No,,"No, but I have been in the past",,No,,Yes; as a participant,,No,,"Yes, and I use the smart features",,"Yes, I currently use home automation",,25-34 years old,Male,,White or Caucasian,,Bachelor’s degree
R_63sfl6B8FFPM2M9,No,,No,,No,,No,,No,,"Yes, and I use the smart features",,"Yes, I have used home automation, but not currently",,35-44 years old,Male,,White or Caucasian,,Bachelor’s degree
R_17A5ghNOMhiMzip,No,,No,,No,,No,,No,,"Yes, and I use the smart features",,"No, I do not use home automation, but I do own smart devices",,45-54 years old,Female,,White or Caucasian,,High school diploma or GED
R_6toA7Bt3TlZl6Q9,Yes,,No,,Yes,,No,,No,,"Yes, and I use the smart features",,"Yes, I currently use home automation",,55-64 years old,Male,,Prefer to self-describe,human,Associates or technical degree
R_7NypwLnUHaQHZPe,Yes,,No,,No,,Yes; as a participant,,No,,"Yes, and I use the smart features",,"No, I do not use home automation, but I do own smart devices",,35-44 years old,Female,,"White or Caucasian,Black or African American",,Bachelor’s degree
R_1O75iTJCG81RaPn,No,,No,,No,,No,,No,,"Yes, and I use the smart features",,"Yes, I have used home automation, but not currently",,18-24 years old,Male,,Asian,,"Some college, but no degree"
R_5BvKvYD9Oximrbr,No,,No,,No,,Yes; as a researcher,,No,,"Yes, and I use the smart features",,"No, I do not use home automation, but I do own smart devices",,55-64 years old,Female,,White or Caucasian,,High school diploma or GED
R_7mXjRXovOjuazOd,No,,No,,No,,Yes; as a researcher,,"No, but I have been in the past",,"Yes, and I use the smart features",,"Yes, I currently use home automation",,25-34 years old,Female,,White or Caucasian,,"Graduate or professional degree (MA, MS, MBA, PhD, JD, MD, DDS etc.)"
R_5V2Tj01vchsEW6k,No,,No,,Yes,,No,,No,,"Yes, and I use the smart features",,"Yes, I currently use home automation",,55-64 years old,Male,,White or Caucasian,,Bachelor’s degree
R_6wkibX0jJGvDQyZ,No,,No,,No,,No,,No,,"No, but I have in the past",,"No, I don’t own smart devices",,18-24 years old,Male,,White or Caucasian,,Some high school or less
R_1BbNsDoEUZByxhe,No,,No,,No,,No,,No,,No,,"No, I don’t own smart devices",,35-44 years old,Male,,White or Caucasian,,"Graduate or professional degree (MA, MS, MBA, PhD, JD, MD, DDS etc.)"
R_6qqRCVnmRGcRAar,No,,No,,No,,No,,No,,"Yes, and I use the smart features",,"Yes, I currently use home automation",,35-44 years old,Male,,White or Caucasian,,Bachelor’s degree
R_6AF79SpUtgBc1X3,No,,No,,No,,No,,No,,"Yes, and I use the smart features",,"Yes, I currently use home automation",,35-44 years old,Male,,White or Caucasian,,"Graduate or professional degree (MA, MS, MBA, PhD, JD, MD, DDS etc.)"
R_7pR67Wh8tWI8YgF,No,,No,,No,,No,,No,,"Yes, and I use the smart features",,"Yes, I currently use home automation",,18-24 years old,Male,,Black or African American,,Bachelor’s degree
R_5WUPnMyzHwcHSAV,Yes,,No,,No,,No,,No,,"Yes, and I use the smart features",,"Yes, I have used home automation, but not currently",,55-64 years old,Male,,White or Caucasian,,"Some college, but no degree"
R_60Y8XxjLL58tyZR,No,,No,,No,,No,,No,,"No, but I have in the past",,"No, I don’t own smart devices",,18-24 years old,Female,,White or Caucasian,,"Some college, but no degree"
R_1XPhQ4UkSum4aGJ,No,,No,,Yes,,No,,No,,"Yes, and I use the smart features",,"No, I do not use home automation, but I do own smart devices",,18-24 years old,Male,,American Indian/Native American or Alaska Native,,"Some college, but no degree"
R_7kcCEnqpLgbVLZG,No,,No,,No,,No,,No,,"Yes, and I use the smart features",,"Yes, I currently use home automation",,25-34 years old,Female,,White or Caucasian,,Bachelor’s degree
R_7L5YN598zJHSkR2,No,,No,,No,,Yes; as a researcher,,Yes,,"Yes, and I use the smart features",,"Yes, I currently use home automation",,35-44 years old,Female,,White or Caucasian,,"Graduate or professional degree (MA, MS, MBA, PhD, JD, MD, DDS etc.)"
R_3e3kdkIpLRMzwEc,No,,Yes,,Yes,,Yes; as a participant,,No,,"Yes, and I use the smart features",,"No, I do not use home automation, but I do own smart devices",,35-44 years old,Male,,Black or African American,,"Graduate or professional degree (MA, MS, MBA, PhD, JD, MD, DDS etc.)"
R_3I8jjimAbZ6vbAl,No,,No,,No,,Yes; as a researcher,,Yes,,"Yes, but I don’t use the smart features",,"No, I do not use home automation, but I do own smart devices",,18-24 years old,Female,,White or Caucasian,,Associates or technical degree
R_7MtuGHHVedwgxpf,Yes,,Yes,,Yes,,Yes; as a participant,,"No, but I have been in the past",,"Yes, and I use the smart features",,"Yes, I have used home automation, but not currently",,35-44 years old,Male,,White or Caucasian,,Bachelor’s degree
R_7JezwAaVCHDN1fG,No,,No,,No,,No,,No,,"Yes, and I use the smart features",,"No, I don’t own smart devices",,25-34 years old,Male,,White or Caucasian,,Some high school or less
R_7dMn5oIqIXYYHy1,No,,No,,No,,No,,No,,"Yes, and I use the smart features",,I’m not sure/Other,,45-54 years old,Male,,White or Caucasian,,High school diploma or GED
R_3BLCTmMXyjgdIQ1,No,,No,,No,,No,,No,,No,,"No, I don’t own smart devices",,25-34 years old,Female,,Prefer not to say,,High school diploma or GED
R_7l66QOldk1iCe2P,No,,No,,No,,No,,No,,"Yes, and I use the smart features",,"Yes, I currently use home automation",,25-34 years old,Female,,White or Caucasian,,Bachelor’s degree
R_3xXW4BiZUYTgAoN,No,,No,,No,,No,,No,,"Yes, and I use the smart features",,"No, I do not use home automation, but I do own smart devices",,25-34 years old,Female,,Black or African American,,"Some college, but no degree"
R_5ptJITUun4fBDk5,Yes,,No,,No,,No,,No,,No,,"No, I don’t own smart devices",,25-34 years old,Female,,Black or African American,,Associates or technical degree
R_3C1Zm4cBu5szfpL,No,,No,,No,I've taken a class or two,Yes; as a participant,,No,,No,,"No, I don’t own smart devices",,35-44 years old,Non-binary / third gender,,"White or Caucasian,American Indian/Native American or Alaska Native",,"Graduate or professional degree (MA, MS, MBA, PhD, JD, MD, DDS etc.)"
R_7GfzXGpIUq96GV4,No,,No,,No,,No,,No,,"Yes, and I use the smart features",,"Yes, I currently use home automation",,25-34 years old,Male,,White or Caucasian,,Bachelor’s degree
R_6cuzQZ7m3I5eqUU,No,,No,,No,,No,,No,,"Yes, and I use the smart features",,"No, I do not use home automation, but I do own smart devices",,18-24 years old,Non-binary / third gender,,Asian,,"Some college, but no degree"
R_3MT0zdYK4ZnSKCY,No,,No,,No,,No,,No,,No,,"No, I don’t own smart devices",,55-64 years old,Male,,White or Caucasian,,"Graduate or professional degree (MA, MS, MBA, PhD, JD, MD, DDS etc.)"
R_5FldNW0TInNtmJF,No,,No,,No,,No,,No,,"Yes, and I use the smart features",,"Yes, I currently use home automation",,45-54 years old,Female,,White or Caucasian,,High school diploma or GED
R_3m8fUch8vdPjNct,No,,No,,No,,No,,Yes,,"Yes, and I use the smart features",,"No, I do not use home automation, but I do own smart devices",,45-54 years old,Female,,"White or Caucasian,Black or African American,Asian",,"Graduate or professional degree (MA, MS, MBA, PhD, JD, MD, DDS etc.)"
R_6AXLRIBb9mxCmJO,Yes,,Yes,,Yes,,No,,No,,No,,"No, I don’t own smart devices",,25-34 years old,Female,,White or Caucasian,,Bachelor’s degree
R_6kp0GuiXXMIdvCV,Yes,,"No, but I have been in the past",,Yes,,No,,No,,"Yes, and I use the smart features",,"Yes, I currently use home automation",,45-54 years old,Male,,Black or African American,,Bachelor’s degree
R_69sldsTww1fiyOh,No,,No,,No,,No,,No,,"Yes, and I use the smart features",,"No, I do not use home automation, but I do own smart devices",,45-54 years old,Female,,White or Caucasian,,"Some college, but no degree"
R_7DNKpeSFwoz5Qkg,No,,No,,No,,No,,No,,"Yes, but I don’t use the smart features",,"No, I don’t own smart devices",,18-24 years old,Female,,Asian,,Bachelor’s degree
R_5yBWzDmzT3dB4Zz,No,,No,,No,,No,,No,,"Yes, and I use the smart features",,"Yes, I currently use home automation",,35-44 years old,Male,,White or Caucasian,,"Some college, but no degree"
R_52PiMf40idUY1px,No,,No,,No,,No,,No,,"Yes, but I don’t use the smart features",,"No, I do not use home automation, but I do own smart devices",,45-54 years old,Female,,White or Caucasian,,Bachelor’s degree
R_6fDlkDG2pdetNK1,No,,No,,No,,No,,No,,"Yes, and I use the smart features",,"No, I do not use home automation, but I do own smart devices",,35-44 years old,Male,,White or Caucasian,,Bachelor’s degree
R_51aZdD7Sfn9xMr9,No,,No,,No,,No,,No,,"Yes, and I use the smart features",,"Yes, I currently use home automation",,55-64 years old,Female,,White or Caucasian,,Bachelor’s degree
R_3PQWsQU4ROF2tTz,No,,No,,No,,No,,No,,"Yes, and I use the smart features",,"Yes, I currently use home automation",,25-34 years old,Male,,White or Caucasian,,"Graduate or professional degree (MA, MS, MBA, PhD, JD, MD, DDS etc.)"
R_3wgBJsnx9iRdtkE,No,,No,,No,,No,,No,,"Yes, and I use the smart features",,"No, I do not use home automation, but I do own smart devices",,35-44 years old,Male,,White or Caucasian,,High school diploma or GED
R_3kH2hicstCXFcXn,No,,No,,No,,No,,No,,No,,"No, I don’t own smart devices",,35-44 years old,Male,,White or Caucasian,,"Graduate or professional degree (MA, MS, MBA, PhD, JD, MD, DDS etc.)"
R_4q96Qwoa57Zt36J,No,,No,,No,,No,,No,,"Yes, but I don’t use the smart features",,"No, I do not use home automation, but I do own smart devices",,35-44 years old,Female,,Asian,,Bachelor’s degree
R_1v1zR6NB4gp5sd3,No,,No,,No,,Yes; as a participant,,No,,"Yes, and I use the smart features",,"No, I do not use home automation, but I do own smart devices",,55-64 years old,Male,,White or Caucasian,,Bachelor’s degree
R_7wRJ91Nxt1kqusN,No,,No,,No,,No,,No,,"No, but I have in the past",,"Yes, I have used home automation, but not currently",,18-24 years old,Female,,Black or African American,,Bachelor’s degree
R_6pJpXRa0N4MNCwr,No,,No,,No,,No,,No,,"Yes, and I use the smart features",,"Yes, I have used home automation, but not currently",,18-24 years old,Male,,Prefer to self-describe,Mixed,"Some college, but no degree"
R_6MMWkX45vJCVns5,No,,Yes,,Yes,,No,,No,,"Yes, and I use the smart features",,"No, I do not use home automation, but I do own smart devices",,55-64 years old,Female,,"White or Caucasian,American Indian/Native American or Alaska Native",,"Graduate or professional degree (MA, MS, MBA, PhD, JD, MD, DDS etc.)"
R_6F3MJHSLZBhGwO5,No,,No,,Yes,,No,,No,,"Yes, but I don’t use the smart features",,"Yes, I currently use home automation",,35-44 years old,Female,,White or Caucasian,,"Graduate or professional degree (MA, MS, MBA, PhD, JD, MD, DDS etc.)"
R_7sRUx0kmHzTAb68,No,,No,,No,,No,,No,,"Yes, but I don’t use the smart features",,"No, I don’t own smart devices",,25-34 years old,Female,,Prefer not to say,,Bachelor’s degree
R_3Ja5mockRWJa6cz,No,,No,,No,,No,,No,,"Yes, and I use the smart features",,"Yes, I currently use home automation",,18-24 years old,Female,,Black or African American,,High school diploma or GED
R_33jU2mMkyMlSQaB,No,,No,,No,,No,,No,,"Yes, and I use the smart features",,"No, I do not use home automation, but I do own smart devices",,25-34 years old,Female,,Asian,,Bachelor’s degree
R_7ib1OESkheRvvEY,No,"I have heard of things LIKE a TEE, I don't think I had heard that phrase before though.",Yes,,No,,Yes; as a participant,,"No, but I have been in the past",I have in the past.,"Yes, and I use the smart features",,"Yes, I currently use home automation",,55-64 years old,Male,,White or Caucasian,,"Graduate or professional degree (MA, MS, MBA, PhD, JD, MD, DDS etc.)"
R_5EM7LuexuAZr2hd,No,,No,,No,,No,,No,,"Yes, but I don’t use the smart features",,"No, I do not use home automation, but I do own smart devices",,35-44 years old,Male,,White or Caucasian,,Bachelor’s degree
R_1J3mstVf0wYZFDj,No,,No,,No,,No,,No,,"Yes, and I use the smart features",,"Yes, I currently use home automation",,35-44 years old,Male,,White or Caucasian,,"Graduate or professional degree (MA, MS, MBA, PhD, JD, MD, DDS etc.)"
R_3SSbos6c6pmzjiN,No,,No,,No,,Yes; as a participant,,No,,"Yes, and I use the smart features",,"No, I do not use home automation, but I do own smart devices",,45-54 years old,Female,,White or Caucasian,,"Some college, but no degree"
R_7E5LQRNYbmbZ5PP,No,,No,,No,,No,,No,,"Yes, and I use the smart features",,"No, I do not use home automation, but I do own smart devices",,35-44 years old,Female,,White or Caucasian,,Associates or technical degree
R_3wRt0tzi6LRvX2x,No,,No,,No,,No,,No,,"Yes, and I use the smart features",,"No, I do not use home automation, but I do own smart devices",,35-44 years old,Male,,White or Caucasian,,"Some college, but no degree"
R_5v6Z2Burrav8pv4,No,,No,,No,,No,,No,,"Yes, and I use the smart features",,"Yes, I currently use home automation",,35-44 years old,Female,,White or Caucasian,,"Graduate or professional degree (MA, MS, MBA, PhD, JD, MD, DDS etc.)"
R_7LIEr5Yfdkv1wAx,Yes,,"No, but I have been in the past",,Yes,,Yes; as a participant,,No,,"Yes, and I use the smart features",,"Yes, I have used home automation, but not currently",,25-34 years old,Male,,White or Caucasian,,Bachelor’s degree
R_1NJy3nVqhStmmzf,No,,No,,No,,No,,No,,No,,"No, I don’t own smart devices",,45-54 years old,Female,,White or Caucasian,,"Some college, but no degree"
R_7zNMdn7dafeWTUn,No,,No,,No,,No,,No,,No,,"No, I don’t own smart devices",,45-54 years old,Female,,Black or African American,,Bachelor’s degree
R_1lbfpEfy4fjPKxb,No,,No,,No,,No,,No,,"Yes, and I use the smart features",,"No, I do not use home automation, but I do own smart devices",,25-34 years old,Female,,Black or African American,,High school diploma or GED
R_6mK7lKOFUDs35Ia,No,,No,,No,,Yes; as a participant,,No,,"Yes, but I don’t use the smart features",,"No, I do not use home automation, but I do own smart devices",,55-64 years old,Female,,White or Caucasian,,"Some college, but no degree"
R_3Q0paE3kpBdqOD2,No,,No,,No,,No,,No,,"Yes, and I use the smart features",,"Yes, I currently use home automation",,35-44 years old,Female,,Black or African American,,Bachelor’s degree
R_3nWriavwHjSrMEF,No,,No,,No,,No,,Yes,,"Yes, and I use the smart features",,"Yes, I currently use home automation",,25-34 years old,Male,,White or Caucasian,,"Graduate or professional degree (MA, MS, MBA, PhD, JD, MD, DDS etc.)"
R_5mJj8dNrnnSbkSp,No,,No,,No,,No,,No,,"Yes, and I use the smart features",,"No, I do not use home automation, but I do own smart devices",,35-44 years old,Male,,White or Caucasian,,Bachelor’s degree
R_5uEr3uXCRS5HZQH,No,,No,,Yes,Currently an undergrad student for comp sci,No,,No,,"Yes, and I use the smart features",,"Yes, I currently use home automation",,18-24 years old,Female,,Prefer not to say,,"Some college, but no degree"
R_3vM2rC33rv7v5U5,No,,No,,No,,No,,No,,"Yes, and I use the smart features",,"No, I do not use home automation, but I do own smart devices",,35-44 years old,Female,,White or Caucasian,,Bachelor’s degree
R_3Cw33OzueCob5LQ,No,,No,,No,,No,,No,,"Yes, and I use the smart features",,"No, I do not use home automation, but I do own smart devices",,25-34 years old,Female,,Black or African American,,Associates or technical degree
R_5ouZWjEgGSle0k9,No,,No,,No,,No,,No,,"Yes, and I use the smart features",,"No, I do not use home automation, but I do own smart devices",,35-44 years old,Female,,White or Caucasian,,"Graduate or professional degree (MA, MS, MBA, PhD, JD, MD, DDS etc.)"
R_5ExMGUDKhJ0lZC7,No,,No,,No,,No,,No,,"Yes, and I use the smart features",,"No, I do not use home automation, but I do own smart devices",,25-34 years old,Female,,White or Caucasian,,Bachelor’s degree
R_7Uat5tqsB4mYK2d,No,,"No, but I have been in the past",,No,,No,,No,,"Yes, and I use the smart features",,"Yes, I currently use home automation",,25-34 years old,Female,,Asian,,Bachelor’s degree
R_72mMEGi2XxyYFYr,No,,No,,No,,No,,No,,No,,"No, I don’t own smart devices",,55-64 years old,Female,,White or Caucasian,,"Some college, but no degree"
R_3YXkqysYE7ic2eR,No,,No,,No,,No,,No,,"Yes, and I use the smart features",,"Yes, I currently use home automation",,35-44 years old,Male,,White or Caucasian,,"Some college, but no degree"
R_3YgJh67AUNgXpkt,No,,No,,No,,No,,No,,"No, but I have in the past",,"No, I don’t own smart devices",,35-44 years old,Female,,White or Caucasian,,Bachelor’s degree
R_3jcIZgT14ZJptTT,No,,No,,No,,No,,"No, but I have been in the past",,"Yes, but I don’t use the smart features",,"No, I do not use home automation, but I do own smart devices",,45-54 years old,Male,,White or Caucasian,,Associates or technical degree
R_16wgPFeQY0NPQ53,No,,"No, but I have been in the past",,Yes,,No,,No,,"Yes, and I use the smart features",,"No, I don’t own smart devices",,35-44 years old,Male,,White or Caucasian,,"Some college, but no degree"
R_7M3Zc7KLSXX9O5W,No,,Yes,,Yes,,No,,No,,"Yes, and I use the smart features",,"No, I do not use home automation, but I do own smart devices",,25-34 years old,Male,,White or Caucasian,,"Graduate or professional degree (MA, MS, MBA, PhD, JD, MD, DDS etc.)"
R_13xuE5GNf2JJEil,Yes,,"No, but I have been in the past",,No,I have over 30 years coding expierence but no degree.,No,,"No, but I have been in the past",I spent a couple years writing code for a couple large insurance companies so that their case management operations would comply with HIPAA. But no medical training or knowledge.,"Yes, and I use the smart features",,"Yes, I have used home automation, but not currently",,45-54 years old,Male,,White or Caucasian,,High school diploma or GED
R_70SIg23NLBVBEcr,No,,"No, but I have been in the past",,No,,Yes; as a participant,,No,,"Yes, and I use the smart features",,"Yes, I have used home automation, but not currently",,25-34 years old,Male,,Asian,,Bachelor’s degree
R_3CQrBEz8fEcNiw6,No,,No,,Yes,,No,,No,,"Yes, and I use the smart features",,"Yes, I currently use home automation",,18-24 years old,Female,,Asian,,High school diploma or GED
R_7Hqe7JPGG7cNPli,No,,No,,No,,No,,No,,"Yes, and I use the smart features",,"Yes, I currently use home automation",,25-34 years old,Male,,Black or African American,,Bachelor’s degree
R_6ivgHix2AxgSYql,No,,No,,No,,No,,No,,"Yes, and I use the smart features",,"No, I do not use home automation, but I do own smart devices",,25-34 years old,Female,,Asian,,Bachelor’s degree
R_7q1MvLK7Rko7t3L,No,,No,,No,,No,,No,,"No, but I have in the past",,"No, I don’t own smart devices",,18-24 years old,Female,,Black or African American,,"Some college, but no degree"
R_71bEiLkH2Ced7hb,No,,No,,No,,No,,No,,"Yes, but I don’t use the smart features",,"No, I do not use home automation, but I do own smart devices",,45-54 years old,Male,,White or Caucasian,,Bachelor’s degree
R_3t07r1quZc1v4to,No,,No,,No,,No,,No,,"Yes, and I use the smart features",,"Yes, I currently use home automation",,25-34 years old,Male,,Prefer not to say,,"Some college, but no degree"
R_7OP4JUwUmknxejD,No,,No,,Yes,,Yes; as a researcher,,No,,"Yes, but I don’t use the smart features",,"No, I don’t own smart devices",,18-24 years old,Female,,Black or African American,,"Some college, but no degree"
R_5cefft3ISAPiv8a,No,,No,,No,,No,,No,,No,,"No, I don’t own smart devices",,35-44 years old,Female,,White or Caucasian,,"Some college, but no degree"
R_3KTIKy0avXC3lTz,No,,No,,No,,No,,No,,"Yes, and I use the smart features",,"Yes, I currently use home automation",,45-54 years old,Male,,White or Caucasian,,"Some college, but no degree"
R_3CBp9tl687TwfTG,Yes,,"No, but I have been in the past",,No,,No,,No,,"Yes, but I don’t use the smart features",,"No, I do not use home automation, but I do own smart devices",,35-44 years old,Female,,"White or Caucasian,Black or African American",,"Some college, but no degree"
R_5mcRMgdEXgL8S9b,No,,No,,No,,No,,No,,"Yes, and I use the smart features",,"No, I do not use home automation, but I do own smart devices",,55-64 years old,Female,,Black or African American,,"Some college, but no degree"
R_6uNInlwmD7VVslq,No,,No,,No,,Yes; as a participant,,Yes,,No,,"No, I don’t own smart devices",,25-34 years old,Female,,"White or Caucasian,Black or African American",,"Graduate or professional degree (MA, MS, MBA, PhD, JD, MD, DDS etc.)"
R_5MJQziAhHwxJMF4,Yes,,Yes,,Yes,,Yes; as a participant,,No,,"Yes, and I use the smart features",,"Yes, I currently use home automation",,25-34 years old,Male,,White or Caucasian,,"Graduate or professional degree (MA, MS, MBA, PhD, JD, MD, DDS etc.)"
R_6BwEcvXvAncvHgP,No,,Yes,,Yes,,No,,No,,"Yes, and I use the smart features",,"Yes, I currently use home automation",,25-34 years old,Male,,Black or African American,,"Graduate or professional degree (MA, MS, MBA, PhD, JD, MD, DDS etc.)"
R_34MiGZ6AucyINvg,No,,No,,No,,Yes; as a researcher,Freelance editing of med articles,No,,"Yes, but I don’t use the smart features",,"No, I do not use home automation, but I do own smart devices",,55-64 years old,Female,,White or Caucasian,,"Graduate or professional degree (MA, MS, MBA, PhD, JD, MD, DDS etc.)"
R_6LiiJYglqGp76UZ,No,,No,,No,,Yes; as a researcher,,Yes,,"Yes, but I don’t use the smart features",,"Yes, I have used home automation, but not currently",,25-34 years old,Female,,White or Caucasian,,"Graduate or professional degree (MA, MS, MBA, PhD, JD, MD, DDS etc.)"
R_7OPJoJmvKnfHP1P,No,,No,,No,,No,,"No, but I have been in the past",,"No, but I have in the past",,"No, I don’t own smart devices",,35-44 years old,Female,,White or Caucasian,,High school diploma or GED
R_678pfnbHoadOzjd,No,,No,,No,,No,,No,,"Yes, and I use the smart features",,"No, I do not use home automation, but I do own smart devices",,35-44 years old,Female,,White or Caucasian,,Associates or technical degree
R_1n65J64IcWJ5Zd8,No,,No,,No,,No,,No,,"Yes, but I don’t use the smart features",,"Yes, I have used home automation, but not currently",,18-24 years old,Female,,"White or Caucasian,Asian",,Bachelor’s degree
R_6GxMjiI4QrqqYl3,No,,No,,Yes,,Yes; as a participant,,Yes,,"Yes, and I use the smart features",,"No, I do not use home automation, but I do own smart devices",,18-24 years old,Female,,White or Caucasian,,Bachelor’s degree
R_7StiuCeKPvoOP7P,No,,No,,No,,No,,No,,"Yes, and I use the smart features",,"No, I do not use home automation, but I do own smart devices",,18-24 years old,Female,,White or Caucasian,,Bachelor’s degree
R_7qDKectFyYVT8ZP,No,,No,,No,,No,,Yes,,"Yes, and I use the smart features",,"Yes, I currently use home automation",,35-44 years old,Male,,Black or African American,,Bachelor’s degree
R_5DZIzTergroao1w,No,,No,,No,,No,,No,,"Yes, and I use the smart features",,"No, I do not use home automation, but I do own smart devices",,35-44 years old,Male,,White or Caucasian,,"Some college, but no degree"
R_5eQYq7OaaCtmPP0,No,,No,,No,,Yes; as a participant,,No,,"Yes, and I use the smart features",,"No, I do not use home automation, but I do own smart devices",,45-54 years old,Female,,White or Caucasian,,Bachelor’s degree
R_7zyllKYlx5ahuIF,Yes,,"No, but I have been in the past",,No,,No,,"No, but I have been in the past",,"Yes, but I don’t use the smart features",,"Yes, I have used home automation, but not currently",,18-24 years old,Male,,Black or African American,,Associates or technical degree
R_7wnsiRhkmVvaZCM,No,,No,,No,,No,,No,,"Yes, but I don’t use the smart features",,"No, I do not use home automation, but I do own smart devices",,45-54 years old,Male,,White or Caucasian,,"Graduate or professional degree (MA, MS, MBA, PhD, JD, MD, DDS etc.)"
R_7rdUYKSsy3sEZ3P,No,,No,,No,,No,,No,,No,,"No, I don’t own smart devices",,55-64 years old,Male,,White or Caucasian,,High school diploma or GED
R_1P50q7uBjmmSwzu,No,,No,,No,,No,,No,,"Yes, and I use the smart features",,"Yes, I currently use home automation",,25-34 years old,Female,,White or Caucasian,,Bachelor’s degree
R_7Orb9GyhHDgTuwC,No,,No,,No,,No,,No,,"Yes, but I don’t use the smart features",,"No, I don’t own smart devices",,35-44 years old,Male,,White or Caucasian,,"Some college, but no degree"
R_1nXDkNVtayzy0vv,No,,No,,No,,No,,No,,"Yes, and I use the smart features",,"No, I do not use home automation, but I do own smart devices",,25-34 years old,Male,,White or Caucasian,,"Some college, but no degree"
R_5msmKp9skDTwfiV,No,,No,,No,,No,,No,,"Yes, and I use the smart features",,"Yes, I currently use home automation",,55-64 years old,Male,,Prefer to self-describe,Latino,Bachelor’s degree
R_3O0v8Vkaflqyw1k,No,,No,,No,,No,,No,,"Yes, and I use the smart features",,"Yes, I have used home automation, but not currently",,35-44 years old,Female,,Black or African American,,"Graduate or professional degree (MA, MS, MBA, PhD, JD, MD, DDS etc.)"
R_7UfJDEMwnyRRg9B,No,,No,,No,,No,,No,,No,,"No, I don’t own smart devices",,25-34 years old,Non-binary / third gender,,White or Caucasian,,"Some college, but no degree"
R_6KDflP40KwTZKzD,No,,No,,Yes,,No,,No,,"Yes, and I use the smart features",,"No, I do not use home automation, but I do own smart devices",,18-24 years old,Male,,Prefer to self-describe,mexican,"Some college, but no degree"
R_1PTQ50PlSQPyrJA,No,,No,,No,,No,,No,,"Yes, and I use the smart features",,"No, I do not use home automation, but I do own smart devices",,35-44 years old,Male,,White or Caucasian,,Some high school or less
R_6Ok9Iy37g5CfGtZ,No,,No,,No,,No,,No,,No,,"No, I don’t own smart devices",,45-54 years old,Male,,White or Caucasian,,"Graduate or professional degree (MA, MS, MBA, PhD, JD, MD, DDS etc.)"
R_7Ep3sI1QjXsCOqP,No,,Yes,,No,,Yes; as a participant,,No,,No,,"No, I don’t own smart devices",,35-44 years old,Female,,"White or Caucasian,American Indian/Native American or Alaska Native",,Associates or technical degree
R_6BbKgTP0fPO1tSu,No,,No,,No,,No,,No,,"Yes, but I don’t use the smart features",,"No, I don’t own smart devices",,35-44 years old,Non-binary / third gender,,White or Caucasian,,Bachelor’s degree
R_7rM5n9izZuEF6N9,No,,"No, but I have been in the past",,Yes,,No,,"No, but I have been in the past",,"Yes, and I use the smart features",,"Yes, I currently use home automation",,25-34 years old,Female,,"Black or African American,Asian",,"Some college, but no degree"
R_3gzs7tVLQz6b8Hy,No,,No,,No,,No,,No,,"Yes, and I use the smart features",,"No, I do not use home automation, but I do own smart devices",,25-34 years old,Female,,"White or Caucasian,Black or African American",,"Graduate or professional degree (MA, MS, MBA, PhD, JD, MD, DDS etc.)"
R_6dYRBMv39AUljUy,No,,No,,No,,No,,No,,"Yes, and I use the smart features",,"No, I do not use home automation, but I do own smart devices",,35-44 years old,Female,,White or Caucasian,,Bachelor’s degree
R_1QLeRXyfVn0fK9Q,No,,No,,No,,No,,No,,"Yes, but I don’t use the smart features",,"No, I do not use home automation, but I do own smart devices",,45-54 years old,Female,,White or Caucasian,,High school diploma or GED
R_33rSlUX9TP5TQgw,No,,No,,No,,Yes; as a participant,,"No, but I have been in the past",,"No, but I have in the past",,"No, I do not use home automation, but I do own smart devices",,55-64 years old,Female,,White or Caucasian,,"Some college, but no degree"
R_6EsJK0gECsfTVPk,No,,No,,No,,No,,No,,"Yes, and I use the smart features",,"No, I do not use home automation, but I do own smart devices",,25-34 years old,Female,,"White or Caucasian,American Indian/Native American or Alaska Native",,"Some college, but no degree"
R_3PThn5E9LNyGKyp,No,,"No, but I have been in the past",,Yes,,No,,No,,"Yes, and I use the smart features",,"Yes, I currently use home automation",,35-44 years old,Male,,White or Caucasian,,"Graduate or professional degree (MA, MS, MBA, PhD, JD, MD, DDS etc.)"
R_1LOIJ6ABi8BvE6l,No,,No,,No,,No,,No,,"Yes, and I use the smart features",,"Yes, I currently use home automation",,35-44 years old,Male,,White or Caucasian,,"Some college, but no degree"
R_7TvMLZnCn6JuH9P,No,,No,,No,,No,,No,,"Yes, but I don’t use the smart features",,"No, I do not use home automation, but I do own smart devices",,25-34 years old,Male,,White or Caucasian,,Bachelor’s degree
R_1mR0HWJG9wo0sCt,Yes,,Yes,,Yes,,No,,No,,"Yes, and I use the smart features",,"Yes, I currently use home automation",,45-54 years old,Male,,White or Caucasian,,"Graduate or professional degree (MA, MS, MBA, PhD, JD, MD, DDS etc.)"
R_31gQg0Jdnm2abLn,No,,No,,No,,No,,No,,"Yes, and I use the smart features",,"No, I do not use home automation, but I do own smart devices",,45-54 years old,Male,,White or Caucasian,,High school diploma or GED
R_3dxZA7u2ATRiloH,No,,Yes,,Yes,,No,,No,,"Yes, and I use the smart features",,"No, I do not use home automation, but I do own smart devices",,35-44 years old,Male,,White or Caucasian,,Bachelor’s degree
R_1pVuesOKSApNqfK,No,,No,,No,,No,,No,,"Yes, but I don’t use the smart features",,"No, I do not use home automation, but I do own smart devices",,35-44 years old,Female,,Asian,,"Graduate or professional degree (MA, MS, MBA, PhD, JD, MD, DDS etc.)"
R_1pRvZHvSerh9Y2t,No,,"No, but I have been in the past",,No,,No,,No,,"Yes, and I use the smart features",,"Yes, I have used home automation, but not currently",,45-54 years old,Female,,White or Caucasian,,"Some college, but no degree"
R_7Pui6Bp5nQDkSBz,No,,Yes,,No,,No,,No,,"Yes, and I use the smart features",,"No, I do not use home automation, but I do own smart devices",,35-44 years old,Male,,White or Caucasian,,Associates or technical degree
R_5PROYUbrP3wvE41,No,,No,,No,,No,,No,,"No, but I have in the past",,"No, I don’t own smart devices",,25-34 years old,Male,,White or Caucasian,,Some high school or less
R_5rZXIYp9uuRQjWW,No,,No,,No,,Yes; as a participant,,No,,"Yes, and I use the smart features",,"No, I do not use home automation, but I do own smart devices",,35-44 years old,Female,,White or Caucasian,,Bachelor’s degree
R_6kWPuLu4KIzMx5n,No,,No,,No,,No,,No,,"Yes, and I use the smart features",,"No, I don’t own smart devices",,45-54 years old,Female,,White or Caucasian,,"Graduate or professional degree (MA, MS, MBA, PhD, JD, MD, DDS etc.)"
R_34e2bn2bsOIAJKZ,No,,No,,No,,No,,No,,"Yes, and I use the smart features",,"Yes, I currently use home automation",,18-24 years old,Female,,White or Caucasian,,High school diploma or GED
R_5PvFch2RSVPYZAG,No,,No,,No,,No,,No,,"Yes, and I use the smart features",,"Yes, I currently use home automation",,45-54 years old,Female,,White or Caucasian,,Associates or technical degree
R_5q7U6vL11IOQUg1,No,,No,,No,,No,,No,,"Yes, and I use the smart features",,"No, I do not use home automation, but I do own smart devices",,25-34 years old,Male,,Black or African American,,Some high school or less
R_3RLLyli9qudD6zn,No,,No,,No,,Yes; as a participant,,No,,No,,"No, I don’t own smart devices",,18-24 years old,Female,,White or Caucasian,,High school diploma or GED
R_1cyK0rnB5yk0kPn,No,,No,,No,,No,,No,,"No, but I have in the past",,"No, I don’t own smart devices",,45-54 years old,Male,,White or Caucasian,,Bachelor’s degree
R_7t3TD4LxpOf1Fq0,No,,No,,No,,No,,No,,"Yes, and I use the smart features",,"No, I do not use home automation, but I do own smart devices",,65+ years old,Female,,White or Caucasian,,Bachelor’s degree
R_7YD1BBsm7xdnnJJ,No,,No,,No,,No,,No,,"Yes, and I use the smart features",,"No, I do not use home automation, but I do own smart devices",,18-24 years old,Female,,White or Caucasian,,Bachelor’s degree
R_3ERvChpUf0y8gj7,No,,No,,No,,Yes; as a participant,,No,,"Yes, and I use the smart features",,"Yes, I currently use home automation",,55-64 years old,Female,,White or Caucasian,,Bachelor’s degree
R_17TE5prio7BeEBS,No,,No,,No,,No,,No,,"No, but I have in the past",,"Yes, I have used home automation, but not currently",,35-44 years old,Female,,White or Caucasian,,High school diploma or GED
R_5jvayVzSJCx8no5,No,,No,,No,,No,,"No, but I have been in the past",,No,,"No, I don’t own smart devices",,65+ years old,Male,,White or Caucasian,,Associates or technical degree
R_6LCdBuhofbHagOr,No,,Yes,,No,,Yes; as a researcher,,No,,"Yes, and I use the smart features",,"No, I do not use home automation, but I do own smart devices",,45-54 years old,Male,,White or Caucasian,,"Graduate or professional degree (MA, MS, MBA, PhD, JD, MD, DDS etc.)"
R_6eQPhDe7ldiTKzX,No,,No,,No,,No,,No,,"Yes, but I don’t use the smart features",,"No, I do not use home automation, but I do own smart devices",,55-64 years old,Female,,White or Caucasian,,"Some college, but no degree"
R_7bmmc8iFdjRTBAZ,No,,Yes,,Yes,,No,,No,,"Yes, and I use the smart features",,"Yes, I currently use home automation",,35-44 years old,Male,,White or Caucasian,,Bachelor’s degree
R_7isxJTcm2yCLXnS,No,,No,,No,,No,,"No, but I have been in the past",,No,,"No, I do not use home automation, but I do own smart devices",,55-64 years old,Male,,White or Caucasian,,Associates or technical degree
R_3IW9KNQc3sQBFRr,No,,No,,No,,No,,No,,"Yes, and I use the smart features",,"Yes, I currently use home automation",,35-44 years old,Female,,Black or African American,,"Graduate or professional degree (MA, MS, MBA, PhD, JD, MD, DDS etc.)"
R_5hDPtucHyE2gfT9,No,,No,,No,,No,,No,,"Yes, and I use the smart features",,"Yes, I currently use home automation",,25-34 years old,Male,,White or Caucasian,,High school diploma or GED
R_7tFhkIdInNb6WFN,No,,No,,No,,No,,No,,No,,"No, I don’t own smart devices",,25-34 years old,Male,,White or Caucasian,,High school diploma or GED
R_7fcrsLInuqF698A,Yes,,No,,No,,No,,No,,"Yes, and I use the smart features",,"Yes, I currently use home automation",,55-64 years old,Male,,White or Caucasian,,"Some college, but no degree"
R_1OOaXIkygipz0Md,No,,No,,No,,Yes; as a participant,,No,,"Yes, and I use the smart features",,"Yes, I currently use home automation",,35-44 years old,Male,,White or Caucasian,,Bachelor’s degree
R_71HOVlxpzv786TR,No,,No,,No,,No,,No,,"Yes, and I use the smart features",,"No, I do not use home automation, but I do own smart devices",,25-34 years old,Male,,White or Caucasian,,"Some college, but no degree"
R_5r16v3agJL8g9cC,No,,No,,No,,No,,No,,"Yes, and I use the smart features",,"No, I don’t own smart devices",,25-34 years old,Female,,Black or African American,,High school diploma or GED
R_33rCy3tQBsZClIB,No,,No,,No,,No,,No,,"Yes, and I use the smart features",,"No, I do not use home automation, but I do own smart devices",,35-44 years old,Male,,White or Caucasian,,Bachelor’s degree
R_3qX3FcHFJRrpMiQ,No,,No,,No,,No,,No,,No,,"No, I don’t own smart devices",,25-34 years old,Female,,White or Caucasian,,Bachelor’s degree
R_5t5ueMdl9QcZ6MS,No,,"No, but I have been in the past",,No,,Yes; as a researcher,,No,,"Yes, but I don’t use the smart features",,"No, I do not use home automation, but I do own smart devices",,25-34 years old,Non-binary / third gender,,"White or Caucasian,Prefer to self-describe",Romani,"Some college, but no degree"
R_7NnZ85sz7zG6G2d,No,I think so but never of the name.,No,,No,,No,,No,,"Yes, but I don’t use the smart features",,"No, I do not use home automation, but I do own smart devices",,25-34 years old,Male,,White or Caucasian,,Associates or technical degree
R_7E5ivAIrluCdIfT,No,,No,,Yes,,No,,No,,"Yes, and I use the smart features",,"No, I do not use home automation, but I do own smart devices",,25-34 years old,Male,,Asian,,Bachelor’s degree
R_3MWkQpRPEql8TSV,No,,No,,No,,No,,No,,No,,"No, I don’t own smart devices",,65+ years old,Male,,White or Caucasian,,Bachelor’s degree
R_7qTEQBUvhFhVK2j,No,,No,,No,,No,,No,,"Yes, and I use the smart features",,"Yes, I currently use home automation",,65+ years old,Male,,White or Caucasian,,Bachelor’s degree
R_1sYKImlKgyKVGkG,No,,No,,No,,No,,No,,No,,"No, I don’t own smart devices",,55-64 years old,Male,,White or Caucasian,,High school diploma or GED
R_3e82INZBzLQAHTZ,No,,No,,No,,No,,No,,"Yes, and I use the smart features",,"No, I do not use home automation, but I do own smart devices",,35-44 years old,Male,,White or Caucasian,,Bachelor’s degree
R_7MfecBpHoRJLZIO,No,,No,,No,,No,,No,,"Yes, and I use the smart features",,"No, I do not use home automation, but I do own smart devices",,25-34 years old,Female,,Black or African American,,Bachelor’s degree
R_5F2IiZ77XccT3yD,No,,No,,No,,No,,No,,No,,"No, I don’t own smart devices",,45-54 years old,Female,Demiwoman,White or Caucasian,,Bachelor’s degree
R_6saNu6lNoUm2i2f,No,,Yes,,No,,No,,No,,"Yes, and I use the smart features",,"Yes, I currently use home automation",,35-44 years old,Male,,White or Caucasian,,"Graduate or professional degree (MA, MS, MBA, PhD, JD, MD, DDS etc.)"
R_1rusV32VeaLc8AV,No,,No,,No,,No,,No,,No,,"No, I don’t own smart devices",,35-44 years old,Female,,White or Caucasian,,Associates or technical degree
R_7idD1ufUhvmyKl3,No,,No,,No,,No,,No,,"Yes, and I use the smart features",,"Yes, I currently use home automation",,25-34 years old,Female,,White or Caucasian,,High school diploma or GED
R_3dMnzKBjAo8loQN,No,,No,,No,,No,,No,,"Yes, and I use the smart features",,"No, I do not use home automation, but I do own smart devices",,25-34 years old,Male,,White or Caucasian,,High school diploma or GED
R_77m0rSeCV22k1UI,No,,No,,No,,No,,No,,"Yes, and I use the smart features",,"No, I do not use home automation, but I do own smart devices",,35-44 years old,Male,,White or Caucasian,,Bachelor’s degree
R_7fTc2YkUcCrmQda,Yes,,Yes,,Yes,,No,,No,,"Yes, and I use the smart features",,"Yes, I currently use home automation",,25-34 years old,Male,,White or Caucasian,,"Graduate or professional degree (MA, MS, MBA, PhD, JD, MD, DDS etc.)"
R_13m5UQ2ioHkXEx5,No,,Yes,,No,,No,,"No, but I have been in the past",,No,,"No, I don’t own smart devices",,35-44 years old,Male,,"White or Caucasian,American Indian/Native American or Alaska Native",,High school diploma or GED
R_5iIjQTEnZRSJdWF,No,,No,,No,,No,,No,,No,,"No, I don’t own smart devices",,45-54 years old,Male,,White or Caucasian,,High school diploma or GED
R_58LE3mjlqV94VEy,No,,No,,Yes,,No,,No,,"Yes, and I use the smart features",,"No, I do not use home automation, but I do own smart devices",,18-24 years old,Male,,Asian,,"Some college, but no degree"
R_1YE2zezihUboKUX,No,,No,,No,,No,,No,,"Yes, and I use the smart features",,"No, I do not use home automation, but I do own smart devices",,55-64 years old,Male,,White or Caucasian,,High school diploma or GED
R_6mRfVe211gAMfMB,No,,No,,No,,No,,No,,"Yes, and I use the smart features",,"No, I do not use home automation, but I do own smart devices",,25-34 years old,Female,,"White or Caucasian,Asian",,Bachelor’s degree
R_1HB8hccLCE3oeje,No,,No,,No,,No,,No,,"Yes, and I use the smart features",,"No, I do not use home automation, but I do own smart devices",,25-34 years old,Male,,White or Caucasian,,Bachelor’s degree
R_1JFxAhldlomGkth,No,,No,,No,,No,,No,,No,,"No, I don’t own smart devices",,55-64 years old,Female,,Black or African American,,Bachelor’s degree
R_1HXQuluInCw1M1E,No,,Yes,,Yes,,No,,No,,"Yes, and I use the smart features",,"No, I do not use home automation, but I do own smart devices",,45-54 years old,Male,,White or Caucasian,,Bachelor’s degree
R_3Z6jP9TWn49XUM9,No,,No,,No,,No,,No,,"Yes, but I don’t use the smart features",,"No, I do not use home automation, but I do own smart devices",,25-34 years old,Female,,"White or Caucasian,Black or African American",,High school diploma or GED
R_64ITjseoMvOB8Lh,No,,No,,No,,No,,No,,"Yes, and I use the smart features",,"Yes, I currently use home automation",,25-34 years old,Male,,White or Caucasian,,Associates or technical degree