id,sum_score_medical,sum_score_IoT,overall_score,M1,M2,M3,M4,M5,M6,M7,M8,M9,M10,I1,I2,I3,I4,I5,I6,I7,I8,I9,I10,SCENARIO_Med,SCENARIO_IoT
1,7,6,13,1,1,1,1,1,0,1,0,1,0,1,1,1,1,0,0,0,1,1,0,Medical-Simple,IoT-Complex
2,10,9,19,1,1,1,1,1,1,1,1,1,1,1,1,1,1,1,1,0,1,1,1,Medical-Complex,IoT-Simple
3,7,6,13,1,1,0,0,1,1,1,1,1,0,1,1,0,0,1,1,0,0,1,1,Medical-Complex,IoT-Simple
4,7,9,16,1,1,1,1,1,0,0,0,1,1,1,1,1,1,1,1,1,0,1,1,Medical-Simple,IoT-Complex
5,5,5,10,1,1,0,0,0,1,0,1,1,0,0,1,1,0,0,1,0,0,1,1,Medical-Complex,IoT-Complex
6,10,8,18,1,1,1,1,1,1,1,1,1,1,1,1,1,1,1,1,0,1,1,0,Medical-Complex,IoT-Simple
7,9,9,18,1,1,1,1,1,1,1,0,1,1,1,1,1,1,1,1,1,0,1,1,Medical-Simple,IoT-Complex
8,7,6,13,1,0,1,0,1,1,1,1,0,1,1,0,1,0,1,1,1,0,0,1,Medical-Simple,IoT-Simple
9,9,5,14,1,1,0,1,1,1,1,1,1,1,1,0,0,0,1,1,0,0,1,1,Medical-Complex,IoT-Complex
10,7,7,14,1,1,0,0,1,1,1,1,0,1,1,1,0,0,1,1,1,1,0,1,Medical-Simple,IoT-Simple
11,7,6,13,1,1,1,1,1,1,0,0,1,0,1,1,1,1,0,1,0,0,1,0,Medical-Simple,IoT-Complex
12,7,6,13,1,1,1,0,1,1,0,0,1,1,1,1,0,0,1,1,0,0,1,1,Medical-Simple,IoT-Simple
13,10,8,18,1,1,1,1,1,1,1,1,1,1,1,1,1,1,1,1,0,0,1,1,Medical-Complex,IoT-Simple
14,9,8,17,1,1,1,1,1,1,1,1,1,0,1,1,1,1,0,1,1,1,1,0,Medical-Simple,IoT-Complex
15,6,5,11,1,1,1,1,1,0,1,0,0,0,1,1,1,1,0,0,0,0,1,0,Medical-Simple,IoT-Complex
16,7,7,14,1,1,0,1,1,1,1,0,1,0,1,1,0,1,0,1,1,1,1,0,Medical-Complex,IoT-Complex
17,9,9,18,1,1,1,1,1,1,1,1,1,0,1,1,1,1,1,1,1,1,1,0,Medical-Complex,IoT-Simple
18,9,7,16,1,1,1,1,1,1,1,1,1,0,1,1,1,1,1,1,0,0,1,0,Medical-Complex,IoT-Complex
19,6,6,12,1,1,0,0,1,1,0,0,1,1,1,1,1,0,1,0,0,0,1,1,Medical-Simple,IoT-Simple
20,10,10,20,1,1,1,1,1,1,1,1,1,1,1,1,1,1,1,1,1,1,1,1,Medical-Complex,IoT-Complex
21,8,9,17,1,1,1,1,1,1,1,0,1,0,1,1,1,1,1,1,1,0,1,1,Medical-Simple,IoT-Simple
22,8,7,15,1,1,1,1,1,1,0,0,1,1,1,1,1,1,1,0,0,0,1,1,Medical-Complex,IoT-Complex
23,6,3,9,1,1,1,1,1,1,0,0,0,0,1,0,0,1,0,0,0,0,1,0,Medical-Simple,IoT-Simple
24,8,7,15,1,1,1,1,1,1,0,1,1,0,1,1,1,1,1,1,0,0,1,0,Medical-Complex,IoT-Complex
25,10,10,20,1,1,1,1,1,1,1,1,1,1,1,1,1,1,1,1,1,1,1,1,Medical-Complex,IoT-Complex
26,8,6,14,1,1,1,1,1,0,1,1,1,0,1,1,1,1,1,0,0,0,1,0,Medical-Simple,IoT-Simple
27,9,9,18,1,1,1,1,1,1,1,0,1,1,1,1,1,1,1,1,1,0,1,1,Medical-Simple,IoT-Simple
28,9,8,17,1,1,1,1,1,1,1,1,0,1,1,1,1,1,1,1,1,0,0,1,Medical-Complex,IoT-Complex
29,7,8,15,1,1,1,1,1,1,0,0,1,0,1,1,1,1,1,1,0,1,1,0,Medical-Simple,IoT-Simple
30,10,10,20,1,1,1,1,1,1,1,1,1,1,1,1,1,1,1,1,1,1,1,1,Medical-Complex,IoT-Complex
31,10,7,17,1,1,1,1,1,1,1,1,1,1,1,1,1,1,0,1,0,0,1,1,Medical-Simple,IoT-Complex
32,8,6,14,1,1,1,1,1,0,1,1,1,0,1,1,1,1,1,0,0,0,1,0,Medical-Complex,IoT-Simple
33,8,8,16,1,1,0,0,1,1,1,1,1,1,1,1,1,0,1,1,1,0,1,1,Medical-Complex,IoT-Simple
34,9,10,19,1,1,1,1,1,1,0,1,1,1,1,1,1,1,1,1,1,1,1,1,Medical-Simple,IoT-Simple
35,8,8,16,1,1,1,1,1,1,0,1,1,0,1,1,1,1,1,1,0,1,1,0,Medical-Simple,IoT-Complex
36,9,8,17,1,1,1,1,1,1,1,1,1,0,1,1,1,1,1,0,1,1,1,0,Medical-Complex,IoT-Simple
37,6,6,12,1,1,1,1,0,0,0,1,1,0,1,1,1,1,0,0,0,1,1,0,Medical-Complex,IoT-Simple
38,10,8,18,1,1,1,1,1,1,1,1,1,1,1,1,0,1,1,1,0,1,1,1,Medical-Simple,IoT-Complex
39,9,10,19,1,1,1,0,1,1,1,1,1,1,1,1,1,1,1,1,1,1,1,1,Medical-Complex,IoT-Complex
40,5,4,9,1,0,0,0,0,1,1,0,1,1,0,0,0,0,0,1,1,0,1,1,Medical-Simple,IoT-Complex
41,9,8,17,1,1,1,1,1,0,1,1,1,1,1,1,1,1,1,1,0,0,1,1,Medical-Complex,IoT-Simple
42,6,5,11,1,1,1,1,1,0,0,0,1,0,1,1,1,1,0,0,0,0,1,0,Medical-Simple,IoT-Simple
43,9,7,16,1,1,1,1,1,1,1,1,1,0,1,1,1,1,1,1,0,0,1,0,Medical-Complex,IoT-Complex
44,10,9,19,1,1,1,1,1,1,1,1,1,1,1,1,1,1,1,1,0,1,1,1,Medical-Complex,IoT-Complex
45,10,10,20,1,1,1,1,1,1,1,1,1,1,1,1,1,1,1,1,1,1,1,1,Medical-Complex,IoT-Simple
46,10,10,20,1,1,1,1,1,1,1,1,1,1,1,1,1,1,1,1,1,1,1,1,Medical-Complex,IoT-Simple
47,8,9,17,1,1,0,1,1,1,1,1,0,1,1,1,1,1,1,1,1,1,0,1,Medical-Simple,IoT-Simple
48,8,8,16,1,1,1,1,1,1,0,1,1,0,1,1,1,0,1,1,1,1,1,0,Medical-Simple,IoT-Complex
49,9,8,17,1,1,1,1,1,1,1,1,1,0,1,1,1,1,1,1,1,0,1,0,Medical-Complex,IoT-Complex
50,7,7,14,1,1,1,1,1,0,1,0,1,0,1,1,1,1,1,0,0,1,1,0,Medical-Simple,IoT-Complex
51,9,4,13,1,1,1,1,1,1,1,1,0,1,0,0,0,0,1,1,1,0,0,1,Medical-Complex,IoT-Complex
52,10,8,18,1,1,1,1,1,1,1,1,1,1,1,1,1,1,1,0,1,0,1,1,Medical-Complex,IoT-Simple
53,7,8,15,1,1,1,1,0,1,1,0,1,0,1,1,1,1,0,1,1,1,1,0,Medical-Simple,IoT-Simple
54,6,6,12,1,1,1,1,0,0,1,0,1,0,1,1,1,1,0,0,0,1,1,0,Medical-Simple,IoT-Complex
55,9,9,18,1,1,1,1,1,1,1,1,1,0,1,1,1,1,1,1,1,1,1,0,Medical-Complex,IoT-Simple
56,5,6,11,1,1,1,1,0,0,0,0,1,0,1,1,1,1,0,0,0,1,1,0,Medical-Simple,IoT-Simple
57,9,10,19,1,1,0,1,1,1,1,1,1,1,1,1,1,1,1,1,1,1,1,1,Medical-Simple,IoT-Simple
58,9,9,18,1,1,1,1,1,1,0,1,1,1,1,1,1,1,1,1,1,0,1,1,Medical-Simple,IoT-Complex
59,9,8,17,1,1,1,1,1,1,1,1,1,0,1,1,1,1,1,1,0,1,1,0,Medical-Complex,IoT-Complex
60,6,5,11,1,1,1,1,0,0,0,1,1,0,1,1,1,1,0,0,0,0,1,0,Medical-Complex,IoT-Simple
61,5,6,11,1,1,0,1,0,1,0,0,1,0,1,1,0,1,1,0,0,1,1,0,Medical-Simple,IoT-Simple
62,7,7,14,1,1,0,1,1,1,0,0,1,1,1,1,0,1,1,1,0,0,1,1,Medical-Simple,IoT-Complex
63,6,7,13,1,1,0,1,1,0,1,0,0,1,1,0,1,0,1,1,1,0,1,1,Medical-Simple,IoT-Simple
64,6,6,12,1,0,0,1,1,1,0,1,1,0,1,1,0,1,1,1,0,0,1,0,Medical-Complex,IoT-Complex
65,8,5,13,1,1,1,1,1,1,1,0,1,0,1,1,1,1,1,0,0,0,0,0,Medical-Complex,IoT-Complex
66,9,8,17,1,1,1,1,1,1,1,1,0,1,1,1,1,1,1,1,1,0,0,1,Medical-Complex,IoT-Simple
67,7,9,16,1,1,1,1,0,1,1,0,1,0,1,1,1,1,1,1,1,0,1,1,Medical-Simple,IoT-Simple
68,7,6,13,1,1,1,1,1,0,0,1,1,0,1,1,1,1,1,0,0,0,1,0,Medical-Simple,IoT-Simple
69,6,6,12,1,0,0,0,1,1,1,1,0,1,1,0,0,0,1,1,1,1,0,1,Medical-Simple,IoT-Complex
70,7,6,13,1,1,1,1,1,0,1,0,1,0,1,1,1,1,1,0,0,0,1,0,Medical-Complex,IoT-Complex
71,10,10,20,1,1,1,1,1,1,1,1,1,1,1,1,1,1,1,1,1,1,1,1,Medical-Complex,IoT-Complex
72,10,10,20,1,1,1,1,1,1,1,1,1,1,1,1,1,1,1,1,1,1,1,1,Medical-Simple,IoT-Complex
73,10,10,20,1,1,1,1,1,1,1,1,1,1,1,1,1,1,1,1,1,1,1,1,Medical-Complex,IoT-Simple
74,10,9,19,1,1,1,1,1,1,1,1,1,1,1,1,1,1,1,1,1,0,1,1,Medical-Complex,IoT-Simple
75,9,9,18,1,1,1,1,1,1,1,1,1,0,1,1,1,1,1,1,1,1,1,0,Medical-Simple,IoT-Simple
76,8,6,14,1,1,1,1,0,1,1,1,0,1,1,0,1,1,1,0,1,0,0,1,Medical-Simple,IoT-Complex
77,3,5,8,1,0,0,0,0,1,1,0,0,0,1,1,0,0,1,1,1,0,0,0,Medical-Complex,IoT-Complex
78,10,9,19,1,1,1,1,1,1,1,1,1,1,1,1,1,1,1,1,1,0,1,1,Medical-Simple,IoT-Simple
79,6,6,12,1,1,1,1,0,0,0,1,1,0,1,1,1,1,0,0,0,1,1,0,Medical-Complex,IoT-Simple
80,9,9,18,1,1,0,1,1,1,1,1,1,1,1,1,1,1,1,1,1,0,1,1,Medical-Simple,IoT-Complex
81,10,10,20,1,1,1,1,1,1,1,1,1,1,1,1,1,1,1,1,1,1,1,1,Medical-Simple,IoT-Complex
82,8,7,15,1,1,1,1,1,1,1,0,1,0,1,1,1,0,1,1,1,0,1,0,Medical-Complex,IoT-Complex
83,7,5,12,1,1,0,0,1,1,1,1,0,1,1,0,0,0,1,1,1,0,0,1,Medical-Complex,IoT-Complex
84,10,9,19,1,1,1,1,1,1,1,1,1,1,1,1,1,1,1,1,1,0,1,1,Medical-Complex,IoT-Simple
85,7,6,13,1,1,0,1,1,0,1,1,1,0,1,1,0,0,1,1,1,0,1,0,Medical-Complex,IoT-Simple
86,8,8,16,1,1,1,1,1,0,1,1,0,1,1,1,1,1,1,0,1,1,1,0,Medical-Simple,IoT-Complex
87,10,10,20,1,1,1,1,1,1,1,1,1,1,1,1,1,1,1,1,1,1,1,1,Medical-Complex,IoT-Complex
88,7,8,15,1,1,1,1,1,1,0,0,1,0,1,1,1,1,1,1,0,0,1,1,Medical-Simple,IoT-Simple
89,10,10,20,1,1,1,1,1,1,1,1,1,1,1,1,1,1,1,1,1,1,1,1,Medical-Complex,IoT-Complex
90,7,8,15,1,1,0,0,1,1,1,1,0,1,1,1,1,0,1,1,1,1,0,1,Medical-Simple,IoT-Complex
91,4,3,7,0,0,0,0,1,1,1,0,0,1,1,1,0,0,0,0,0,0,1,0,Medical-Simple,IoT-Simple
92,7,7,14,1,1,1,1,0,1,0,1,1,0,1,1,1,1,1,1,0,0,1,0,Medical-Simple,IoT-Complex
93,8,6,14,1,1,1,1,1,1,1,0,1,0,1,0,0,1,1,1,0,1,1,0,Medical-Complex,IoT-Simple
94,9,8,17,1,1,1,1,1,1,1,1,1,0,1,1,0,1,1,1,1,0,1,1,Medical-Complex,IoT-Complex
95,7,8,15,1,1,0,1,0,1,1,0,1,1,1,1,0,1,1,1,1,0,1,1,Medical-Simple,IoT-Complex
96,10,10,20,1,1,1,1,1,1,1,1,1,1,1,1,1,1,1,1,1,1,1,1,Medical-Complex,IoT-Complex
97,8,8,16,1,1,1,0,1,1,1,1,1,0,1,1,1,1,1,1,0,1,1,0,Medical-Simple,IoT-Simple
98,10,9,19,1,1,1,1,1,1,1,1,1,1,1,1,1,1,1,1,0,1,1,1,Medical-Simple,IoT-Simple
99,10,10,20,1,1,1,1,1,1,1,1,1,1,1,1,1,1,1,1,1,1,1,1,Medical-Simple,IoT-Simple
100,10,10,20,1,1,1,1,1,1,1,1,1,1,1,1,1,1,1,1,1,1,1,1,Medical-Simple,IoT-Complex
101,7,4,11,1,1,1,1,1,1,0,0,1,0,1,1,1,0,1,0,0,0,0,0,Medical-Simple,IoT-Simple
102,8,6,14,1,1,1,0,1,1,1,0,1,1,1,1,0,0,1,1,1,0,0,1,Medical-Complex,IoT-Simple
103,9,9,18,1,1,1,1,1,0,1,1,1,1,0,1,1,1,1,1,1,1,1,1,Medical-Complex,IoT-Simple
104,10,10,20,1,1,1,1,1,1,1,1,1,1,1,1,1,1,1,1,1,1,1,1,Medical-Simple,IoT-Complex
105,6,5,11,0,1,1,1,1,0,0,1,1,0,0,1,1,1,0,0,1,0,1,0,Medical-Simple,IoT-Complex
106,9,10,19,1,1,1,1,1,1,1,0,1,1,1,1,1,1,1,1,1,1,1,1,Medical-Simple,IoT-Simple
107,7,7,14,1,1,1,1,1,1,0,0,1,0,1,1,1,1,1,1,0,0,1,0,Medical-Simple,IoT-Simple
108,8,8,16,1,1,1,1,1,1,1,1,0,0,1,1,1,1,1,1,1,1,0,0,Medical-Simple,IoT-Simple
109,7,8,15,1,1,1,1,1,0,0,1,1,0,1,1,1,1,1,1,1,0,1,0,Medical-Simple,IoT-Complex
110,7,6,13,1,1,1,1,1,0,0,1,1,0,1,1,1,1,0,0,0,1,1,0,Medical-Simple,IoT-Complex
111,10,9,19,1,1,1,1,1,1,1,1,1,1,1,1,1,1,1,1,0,1,1,1,Medical-Complex,IoT-Simple
112,9,8,17,1,1,0,1,1,1,1,1,1,1,1,1,0,1,1,0,1,1,1,1,Medical-Complex,IoT-Simple
113,8,8,16,1,1,0,0,1,1,1,1,1,1,1,1,0,0,1,1,1,1,1,1,Medical-Complex,IoT-Complex
114,5,9,14,1,1,1,1,0,0,0,0,1,0,1,1,1,1,1,1,1,1,1,0,Medical-Simple,IoT-Complex
115,10,8,18,1,1,1,1,1,1,1,1,1,1,1,1,1,1,1,1,0,0,1,1,Medical-Complex,IoT-Complex
116,10,6,16,1,1,1,1,1,1,1,1,1,1,1,1,0,0,1,1,1,1,0,0,Medical-Complex,IoT-Complex
117,9,8,17,1,1,1,1,1,1,1,1,1,0,1,1,1,1,1,1,1,0,1,0,Medical-Complex,IoT-Simple
118,8,7,15,1,1,1,0,1,1,1,0,1,1,1,1,0,0,1,1,1,1,0,1,Medical-Complex,IoT-Simple
119,9,10,19,1,1,1,1,1,1,1,0,1,1,1,1,1,1,1,1,1,1,1,1,Medical-Simple,IoT-Complex
120,10,10,20,1,1,1,1,1,1,1,1,1,1,1,1,1,1,1,1,1,1,1,1,Medical-Complex,IoT-Complex
121,5,7,12,1,0,0,1,1,1,1,0,0,0,1,1,1,1,1,1,1,0,0,0,Medical-Simple,IoT-Simple
122,8,8,16,1,1,1,1,1,1,0,1,1,0,1,1,1,1,1,1,0,1,1,0,Medical-Simple,IoT-Simple
123,10,7,17,1,1,1,1,1,1,1,1,1,1,1,1,1,1,0,1,0,1,1,0,Medical-Simple,IoT-Complex
124,5,6,11,1,1,1,1,0,0,0,0,1,0,1,1,1,0,1,0,0,0,1,1,Medical-Simple,IoT-Simple
125,8,7,15,1,1,1,1,1,0,1,1,1,0,1,1,1,1,1,0,1,0,1,0,Medical-Complex,IoT-Simple
126,9,7,16,1,1,1,1,1,1,1,1,1,0,1,1,1,1,0,1,1,0,1,0,Medical-Complex,IoT-Complex
127,7,6,13,1,0,1,0,1,1,1,1,0,1,1,1,1,1,0,1,0,0,1,0,Medical-Complex,IoT-Complex
128,10,9,19,1,1,1,1,1,1,1,1,1,1,1,1,1,1,1,0,1,1,1,1,Medical-Complex,IoT-Simple
129,8,4,12,1,1,1,1,1,1,0,0,1,1,1,1,0,1,1,0,0,0,0,0,Medical-Complex,IoT-Simple
130,10,10,20,1,1,1,1,1,1,1,1,1,1,1,1,1,1,1,1,1,1,1,1,Medical-Complex,IoT-Complex
131,10,10,20,1,1,1,1,1,1,1,1,1,1,1,1,1,1,1,1,1,1,1,1,Medical-Complex,IoT-Complex
132,9,8,17,1,1,1,1,1,1,1,1,1,0,1,1,1,1,1,1,1,0,1,0,Medical-Simple,IoT-Complex
133,8,8,16,1,1,1,1,1,1,1,0,1,0,1,1,1,1,1,1,1,0,1,0,Medical-Simple,IoT-Simple
134,6,6,12,1,0,0,0,1,1,1,1,0,1,1,0,0,0,1,1,1,1,0,1,Medical-Simple,IoT-Complex
135,10,8,18,1,1,1,1,1,1,1,1,1,1,1,1,1,1,1,1,1,0,1,0,Medical-Simple,IoT-Simple
136,9,9,18,1,1,1,1,1,1,1,1,1,0,1,1,1,1,1,1,1,1,1,0,Medical-Simple,IoT-Simple
137,9,5,14,1,1,1,1,1,1,1,0,1,1,1,1,1,1,0,0,0,0,1,0,Medical-Complex,IoT-Complex
138,10,9,19,1,1,1,1,1,1,1,1,1,1,1,1,1,1,1,1,0,1,1,1,Medical-Simple,IoT-Simple
139,8,7,15,1,1,0,0,1,1,1,1,1,1,1,1,0,0,1,1,1,0,1,1,Medical-Simple,IoT-Complex
140,9,7,16,1,1,1,1,1,1,1,0,1,1,1,1,1,1,0,1,0,0,1,1,Medical-Simple,IoT-Simple
141,8,6,14,1,0,1,1,1,1,1,0,1,1,1,1,1,1,0,1,0,0,1,0,Medical-Complex,IoT-Complex
142,8,6,14,1,1,1,1,1,0,1,1,1,0,1,0,1,1,1,0,1,1,0,0,Medical-Simple,IoT-Simple
143,8,7,15,1,1,1,1,1,1,1,0,1,0,1,1,1,1,1,1,0,0,1,0,Medical-Simple,IoT-Simple
144,9,9,18,1,1,1,1,1,1,1,1,1,0,1,1,1,1,1,1,1,1,1,0,Medical-Simple,IoT-Simple
145,6,6,12,1,1,0,0,1,1,1,0,0,1,1,1,0,0,1,1,1,0,0,1,Medical-Complex,IoT-Simple
146,10,9,19,1,1,1,1,1,1,1,1,1,1,1,1,1,1,1,1,0,1,1,1,Medical-Complex,IoT-Complex
147,7,6,13,1,1,0,1,0,1,1,1,1,0,1,1,0,1,1,1,0,0,1,0,Medical-Complex,IoT-Complex
148,9,8,17,1,1,1,0,1,1,1,1,1,1,1,1,1,0,1,1,0,1,1,1,Medical-Complex,IoT-Simple
149,9,10,19,1,1,1,1,1,1,0,1,1,1,1,1,1,1,1,1,1,1,1,1,Medical-Simple,IoT-Complex
150,9,9,18,1,1,1,1,1,1,1,0,1,1,1,1,1,1,1,1,1,0,1,1,Medical-Simple,IoT-Simple
151,7,6,13,0,0,1,1,1,1,1,1,0,1,0,0,1,1,1,1,1,0,0,1,Medical-Complex,IoT-Complex
152,8,8,16,1,1,0,1,1,1,1,1,1,0,1,1,1,1,0,1,1,1,1,0,Medical-Simple,IoT-Complex
153,7,6,13,1,1,1,1,1,0,1,1,0,0,1,1,0,1,1,0,1,0,1,0,Medical-Complex,IoT-Simple
154,10,10,20,1,1,1,1,1,1,1,1,1,1,1,1,1,1,1,1,1,1,1,1,Medical-Complex,IoT-Simple
155,7,6,13,1,1,0,1,1,1,1,0,0,1,1,0,1,0,1,1,1,0,0,1,Medical-Complex,IoT-Simple
156,10,7,17,1,1,1,1,1,1,1,1,1,1,1,1,1,1,0,1,0,1,1,0,Medical-Complex,IoT-Complex
157,7,7,14,1,1,1,1,1,0,0,0,1,1,1,0,1,1,1,1,0,0,1,1,Medical-Simple,IoT-Simple
158,8,7,15,1,1,1,0,1,0,1,1,1,1,1,1,1,0,1,1,0,0,1,1,Medical-Simple,IoT-Simple
159,9,8,17,1,1,1,1,1,1,1,1,1,0,1,1,1,1,1,1,1,0,1,0,Medical-Complex,IoT-Complex
160,10,10,20,1,1,1,1,1,1,1,1,1,1,1,1,1,1,1,1,1,1,1,1,Medical-Simple,IoT-Complex
161,9,8,17,1,1,1,1,1,1,1,1,1,0,1,1,1,1,1,1,1,0,1,0,Medical-Complex,IoT-Complex
162,7,8,15,1,1,1,1,1,1,0,0,1,0,1,1,1,1,1,1,1,0,1,0,Medical-Complex,IoT-Complex
163,8,8,16,1,1,1,1,1,0,1,0,1,1,1,1,1,0,1,1,1,0,1,1,Medical-Simple,IoT-Simple
164,9,10,19,1,1,1,1,1,1,1,0,1,1,1,1,1,1,1,1,1,1,1,1,Medical-Simple,IoT-Complex
165,5,4,9,1,0,0,0,1,1,1,0,0,1,1,0,0,0,1,0,1,0,0,1,Medical-Simple,IoT-Simple
166,7,7,14,1,1,0,0,1,1,1,1,0,1,1,1,1,1,1,1,1,0,0,0,Medical-Complex,IoT-Complex
167,9,9,18,1,1,1,0,1,1,1,1,1,1,1,1,1,0,1,1,1,1,1,1,Medical-Complex,IoT-Simple
168,10,9,19,1,1,1,1,1,1,1,1,1,1,1,1,1,1,1,1,1,0,1,1,Medical-Complex,IoT-Complex
169,7,7,14,1,1,1,1,0,1,0,1,1,0,1,1,1,1,0,1,0,1,1,0,Medical-Complex,IoT-Simple
170,5,6,11,1,1,1,1,0,0,0,0,1,0,1,1,1,1,0,0,0,1,1,0,Medical-Simple,IoT-Simple
171,10,10,20,1,1,1,1,1,1,1,1,1,1,1,1,1,1,1,1,1,1,1,1,Medical-Simple,IoT-Complex
172,9,8,17,1,1,0,1,1,1,1,1,1,1,1,1,0,0,1,1,1,1,1,1,Medical-Simple,IoT-Complex
173,10,9,19,1,1,1,1,1,1,1,1,1,1,1,1,1,1,1,1,0,1,1,1,Medical-Complex,IoT-Simple
174,8,8,16,1,1,1,1,1,1,0,1,1,0,1,1,1,1,1,1,0,1,1,0,Medical-Simple,IoT-Simple
175,9,7,16,1,1,1,1,1,1,1,1,1,0,1,1,1,1,1,0,1,0,1,0,Medical-Simple,IoT-Complex
176,10,10,20,1,1,1,1,1,1,1,1,1,1,1,1,1,1,1,1,1,1,1,1,Medical-Simple,IoT-Simple
177,8,8,16,1,1,0,0,1,1,1,1,1,1,1,1,1,0,1,1,1,0,1,1,Medical-Complex,IoT-Complex
178,5,7,12,1,0,0,1,0,1,1,1,0,0,1,1,0,1,1,1,1,0,1,0,Medical-Complex,IoT-Complex
179,9,8,17,1,1,1,1,1,1,1,1,1,0,1,1,1,1,1,1,0,1,1,0,Medical-Complex,IoT-Simple
180,10,7,17,1,1,1,1,1,1,1,1,1,1,1,1,1,0,1,1,0,1,0,1,Medical-Complex,IoT-Complex
181,10,9,19,1,1,1,1,1,1,1,1,1,1,1,1,1,1,1,0,1,1,1,1,Medical-Complex,IoT-Complex
182,7,9,16,1,1,1,1,1,1,0,0,1,0,1,1,1,1,1,1,1,0,1,1,Medical-Complex,IoT-Complex
183,7,6,13,1,1,0,0,1,1,1,1,0,1,1,1,0,0,0,1,0,1,1,1,Medical-Complex,IoT-Simple
184,8,9,17,1,1,0,1,1,1,1,0,1,1,1,1,1,0,1,1,1,1,1,1,Medical-Simple,IoT-Simple
185,9,10,19,1,1,1,1,1,1,1,1,1,0,1,1,1,1,1,1,1,1,1,1,Medical-Simple,IoT-Complex
186,10,8,18,1,1,1,1,1,1,1,1,1,1,1,0,1,1,1,1,1,1,0,1,Medical-Complex,IoT-Simple
187,8,9,17,1,1,0,1,1,1,1,1,1,0,1,1,0,1,1,1,1,1,1,1,Medical-Complex,IoT-Simple
188,7,7,14,1,1,1,0,1,1,0,0,1,1,1,1,0,0,1,1,1,0,1,1,Medical-Simple,IoT-Complex
189,10,8,18,1,1,1,1,1,1,1,1,1,1,1,1,1,0,1,1,1,0,1,1,Medical-Complex,IoT-Complex
190,10,10,20,1,1,1,1,1,1,1,1,1,1,1,1,1,1,1,1,1,1,1,1,Medical-Complex,IoT-Simple
191,5,7,12,1,1,0,0,1,1,0,1,0,0,1,1,1,1,1,1,0,0,1,0,Medical-Complex,IoT-Simple
192,8,8,16,1,1,0,1,1,1,1,0,1,1,1,1,0,1,1,1,1,0,1,1,Medical-Complex,IoT-Complex
193,9,9,18,1,1,1,1,1,1,1,1,1,0,1,1,1,1,1,1,1,1,1,0,Medical-Complex,IoT-Complex
194,8,7,15,1,1,1,1,1,0,1,1,1,0,1,1,1,1,1,0,1,0,1,0,Medical-Simple,IoT-Complex
195,6,6,12,0,0,0,1,1,1,1,1,0,1,0,0,1,1,1,1,1,0,0,1,Medical-Complex,IoT-Simple
196,9,10,19,1,1,1,1,1,1,1,0,1,1,1,1,1,1,1,1,1,1,1,1,Medical-Simple,IoT-Complex
197,7,8,15,1,1,0,0,1,1,1,0,1,1,1,1,0,0,1,1,1,1,1,1,Medical-Simple,IoT-Simple
198,5,6,11,0,0,0,0,1,1,1,1,0,1,1,0,0,0,1,1,1,1,0,1,Medical-Simple,IoT-Simple
199,10,10,20,1,1,1,1,1,1,1,1,1,1,1,1,1,1,1,1,1,1,1,1,Medical-Simple,IoT-Complex
200,5,6,11,1,1,1,1,0,0,0,0,1,0,1,1,1,1,0,1,0,0,1,0,Medical-Complex,IoT-Simple
201,9,9,18,1,1,1,1,1,1,0,1,1,1,1,1,1,1,1,1,0,1,1,1,Medical-Simple,IoT-Simple
202,9,7,16,1,1,1,1,1,1,1,1,1,0,1,1,1,1,1,1,0,0,1,0,Medical-Complex,IoT-Complex
203,9,9,18,1,1,1,1,1,1,1,0,1,1,1,1,1,1,1,1,1,1,0,1,Medical-Simple,IoT-Complex
204,9,9,18,1,1,1,1,1,1,1,1,1,0,1,1,1,1,1,1,1,1,1,0,Medical-Complex,IoT-Simple
205,9,6,15,1,1,1,1,1,1,1,1,0,1,1,1,1,1,0,1,0,0,1,0,Medical-Complex,IoT-Complex
206,10,9,19,1,1,1,1,1,1,1,1,1,1,1,1,1,1,1,1,0,1,1,1,Medical-Complex,IoT-Complex
207,9,7,16,1,1,1,1,1,1,1,1,1,0,1,1,1,1,1,1,0,0,1,0,Medical-Simple,IoT-Complex
208,8,9,17,1,1,1,1,1,1,0,0,1,1,1,1,1,1,1,1,0,1,1,1,Medical-Simple,IoT-Complex
209,10,10,20,1,1,1,1,1,1,1,1,1,1,1,1,1,1,1,1,1,1,1,1,Medical-Simple,IoT-Complex
210,10,10,20,1,1,1,1,1,1,1,1,1,1,1,1,1,1,1,1,1,1,1,1,Medical-Simple,IoT-Complex
211,9,10,19,1,1,1,1,1,1,1,1,1,0,1,1,1,1,1,1,1,1,1,1,Medical-Simple,IoT-Complex
212,8,6,14,1,1,1,1,1,0,1,1,1,0,1,1,1,1,1,0,0,0,1,0,Medical-Complex,IoT-Simple
213,7,8,15,1,1,1,1,1,0,0,1,1,0,1,1,1,0,1,1,1,0,1,1,Medical-Simple,IoT-Simple
214,7,7,14,1,1,1,1,1,1,0,0,1,0,1,1,0,1,1,1,1,0,1,0,Medical-Simple,IoT-Complex
215,9,9,18,1,1,1,1,1,1,1,1,1,0,1,1,1,1,1,1,1,1,1,0,Medical-Complex,IoT-Simple
216,8,8,16,1,1,0,0,1,1,1,1,1,1,1,1,0,0,1,1,1,1,1,1,Medical-Complex,IoT-Simple
217,9,9,18,1,1,1,1,1,0,1,1,1,1,1,1,1,1,1,0,1,1,1,1,Medical-Complex,IoT-Complex
218,7,7,14,1,1,1,1,1,1,0,0,1,0,1,1,1,1,1,1,0,0,1,0,Medical-Simple,IoT-Complex
219,9,8,17,1,1,1,0,1,1,1,1,1,1,1,1,0,0,1,1,1,1,1,1,Medical-Complex,IoT-Simple
220,8,8,16,1,1,1,1,1,1,1,1,0,0,1,1,1,1,1,1,0,1,1,0,Medical-Simple,IoT-Simple
221,10,10,20,1,1,1,1,1,1,1,1,1,1,1,1,1,1,1,1,1,1,1,1,Medical-Simple,IoT-Complex
222,9,6,15,1,1,1,1,1,1,1,1,1,0,1,1,1,1,0,0,1,0,1,0,Medical-Complex,IoT-Complex
223,4,5,9,1,0,0,1,1,0,0,0,1,0,1,1,1,1,0,1,0,0,0,0,Medical-Complex,IoT-Simple
224,6,6,12,1,1,1,1,1,0,0,0,1,0,1,1,1,1,1,0,0,0,1,0,Medical-Simple,IoT-Simple
225,5,5,10,1,1,0,1,0,0,0,1,1,0,1,1,0,1,0,0,0,1,1,0,Medical-Simple,IoT-Complex
226,8,8,16,1,1,1,1,1,1,1,0,1,0,1,1,1,1,1,1,1,0,1,0,Medical-Simple,IoT-Complex
227,9,9,18,1,1,1,1,1,1,1,1,1,0,1,1,1,1,1,1,1,1,1,0,Medical-Complex,IoT-Simple
228,9,7,16,1,1,1,1,1,1,1,1,1,0,1,1,1,1,0,1,1,0,1,0,Medical-Complex,IoT-Simple
229,7,9,16,1,1,1,1,0,0,0,1,1,1,1,1,1,1,1,1,1,0,1,1,Medical-Simple,IoT-Simple
230,10,9,19,1,1,1,1,1,1,1,1,1,1,1,1,1,1,1,1,1,0,1,1,Medical-Complex,IoT-Simple
231,7,8,15,1,1,0,0,1,0,1,1,1,1,1,1,0,1,1,1,1,0,1,1,Medical-Complex,IoT-Complex
232,7,6,13,1,1,0,0,1,1,0,1,1,1,1,0,0,0,1,1,1,1,0,1,Medical-Simple,IoT-Complex
233,10,10,20,1,1,1,1,1,1,1,1,1,1,1,1,1,1,1,1,1,1,1,1,Medical-Complex,IoT-Complex
234,10,10,20,1,1,1,1,1,1,1,1,1,1,1,1,1,1,1,1,1,1,1,1,Medical-Complex,IoT-Complex
235,10,10,20,1,1,1,1,1,1,1,1,1,1,1,1,1,1,1,1,1,1,1,1,Medical-Complex,IoT-Simple
236,9,9,18,1,1,1,1,1,1,1,1,0,1,1,1,1,1,1,1,1,1,1,0,Medical-Complex,IoT-Complex
237,10,10,20,1,1,1,1,1,1,1,1,1,1,1,1,1,1,1,1,1,1,1,1,Medical-Simple,IoT-Complex
238,4,4,8,0,0,0,0,1,1,1,0,0,1,0,0,0,0,1,1,1,0,0,1,Medical-Complex,IoT-Complex
239,7,6,13,1,1,1,1,1,1,1,0,0,0,1,1,1,1,1,0,1,0,0,0,Medical-Simple,IoT-Simple
240,8,8,16,1,1,1,1,1,1,0,1,1,0,1,1,1,1,1,1,0,1,1,0,Medical-Complex,IoT-Simple
241,7,7,14,1,1,0,1,1,0,1,1,1,0,1,1,0,1,1,0,1,1,1,0,Medical-Simple,IoT-Complex
242,6,7,13,1,1,1,1,1,0,1,0,0,0,1,1,1,1,1,0,1,0,1,0,Medical-Complex,IoT-Simple
243,5,6,11,1,1,0,0,1,1,0,0,0,1,1,1,0,0,1,1,1,0,0,1,Medical-Simple,IoT-Simple
244,9,8,17,1,0,1,1,1,1,1,1,1,1,1,1,1,1,1,1,1,0,1,0,Medical-Complex,IoT-Simple
245,8,6,14,1,1,0,0,1,1,1,1,1,1,1,1,0,0,1,1,0,0,1,1,Medical-Complex,IoT-Complex
246,10,8,18,1,1,1,1,1,1,1,1,1,1,1,1,1,1,1,0,1,0,1,1,Medical-Complex,IoT-Complex
247,9,9,18,1,1,0,1,1,1,1,1,1,1,1,1,1,1,1,1,0,1,1,1,Medical-Simple,IoT-Simple
248,10,10,20,1,1,1,1,1,1,1,1,1,1,1,1,1,1,1,1,1,1,1,1,Medical-Complex,IoT-Simple
249,4,4,8,1,0,0,0,1,1,1,0,0,0,1,0,0,0,0,1,1,0,0,1,Medical-Simple,IoT-Complex
250,8,6,14,1,1,1,1,1,0,1,0,1,1,1,1,1,0,1,0,0,0,1,1,Medical-Complex,IoT-Complex
251,6,6,12,1,0,1,1,1,1,1,0,0,0,1,1,1,1,1,0,1,0,0,0,Medical-Complex,IoT-Simple
252,8,5,13,1,1,0,0,1,1,1,1,1,1,1,1,0,0,0,1,0,1,1,0,Medical-Simple,IoT-Simple
253,10,9,19,1,1,1,1,1,1,1,1,1,1,1,1,1,1,1,1,1,1,0,1,Medical-Simple,IoT-Simple
254,10,9,19,1,1,1,1,1,1,1,1,1,1,1,1,1,1,1,1,1,0,1,1,Medical-Simple,IoT-Simple
255,6,8,14,1,1,0,0,1,1,1,1,0,0,1,1,0,0,1,1,1,1,1,1,Medical-Simple,IoT-Simple
256,7,5,12,1,1,0,1,1,0,1,1,1,0,1,0,1,1,1,0,1,0,0,0,Medical-Complex,IoT-Simple
257,10,9,19,1,1,1,1,1,1,1,1,1,1,1,1,1,1,1,1,1,0,1,1,Medical-Complex,IoT-Simple
258,10,9,19,1,1,1,1,1,1,1,1,1,1,1,0,1,1,1,1,1,1,1,1,Medical-Simple,IoT-Complex
259,10,10,20,1,1,1,1,1,1,1,1,1,1,1,1,1,1,1,1,1,1,1,1,Medical-Simple,IoT-Simple
260,9,7,16,1,1,1,0,1,1,1,1,1,1,1,1,0,0,1,1,1,0,1,1,Medical-Complex,IoT-Simple
261,10,9,19,1,1,1,1,1,1,1,1,1,1,1,1,1,1,0,1,1,1,1,1,Medical-Simple,IoT-Complex
262,10,10,20,1,1,1,1,1,1,1,1,1,1,1,1,1,1,1,1,1,1,1,1,Medical-Complex,IoT-Complex
263,10,10,20,1,1,1,1,1,1,1,1,1,1,1,1,1,1,1,1,1,1,1,1,Medical-Complex,IoT-Complex
264,9,7,16,1,1,1,0,1,1,1,1,1,1,1,1,1,0,1,1,1,0,1,0,Medical-Complex,IoT-Simple
265,10,10,20,1,1,1,1,1,1,1,1,1,1,1,1,1,1,1,1,1,1,1,1,Medical-Complex,IoT-Complex
266,9,8,17,1,1,1,1,1,1,0,1,1,1,1,1,1,1,1,1,0,0,1,1,Medical-Simple,IoT-Complex
267,9,9,18,1,1,1,1,1,1,1,1,1,0,1,1,1,1,1,1,1,1,1,0,Medical-Simple,IoT-Complex
268,9,7,16,1,1,1,1,1,1,1,1,1,0,1,1,1,1,0,1,1,0,1,0,Medical-Simple,IoT-Simple
269,7,6,13,0,1,1,1,1,1,1,0,0,1,1,1,0,0,1,0,1,1,0,1,Medical-Complex,IoT-Complex
270,6,6,12,1,1,1,1,0,0,0,1,1,0,1,1,1,1,0,0,0,1,1,0,Medical-Complex,IoT-Simple
271,6,7,13,1,1,1,1,1,0,0,0,1,0,1,1,1,1,1,0,0,1,1,0,Medical-Simple,IoT-Simple
272,8,9,17,1,1,1,1,1,1,0,1,0,1,1,1,1,1,1,1,0,1,1,1,Medical-Simple,IoT-Simple
273,9,7,16,1,1,0,1,1,1,1,1,1,1,1,1,0,0,1,1,1,0,1,1,Medical-Simple,IoT-Simple
274,10,9,19,1,1,1,1,1,1,1,1,1,1,1,1,1,1,1,1,1,1,0,1,Medical-Complex,IoT-Simple
275,6,5,11,1,0,1,1,1,0,1,0,0,1,1,1,1,1,0,0,0,0,1,0,Medical-Simple,IoT-Simple
276,8,8,16,1,1,1,1,0,1,1,1,1,0,1,1,1,1,1,1,0,1,1,0,Medical-Complex,IoT-Complex
277,5,5,10,1,1,1,1,0,0,0,0,1,0,1,1,1,0,0,1,1,0,0,0,Medical-Simple,IoT-Complex
278,7,4,11,1,1,0,1,1,1,1,1,0,0,0,0,0,1,1,1,1,0,0,0,Medical-Complex,IoT-Simple
279,6,6,12,1,0,0,0,1,1,1,1,0,1,1,1,0,0,1,1,1,0,0,1,Medical-Complex,IoT-Simple
280,7,7,14,1,1,1,0,1,1,1,0,0,1,1,1,0,0,1,1,1,0,1,1,Medical-Simple,IoT-Complex
281,8,8,16,1,1,1,1,1,1,1,0,1,0,1,1,1,1,1,1,1,0,1,0,Medical-Simple,IoT-Simple
282,9,9,18,1,1,1,1,1,1,1,1,1,0,1,1,1,1,1,1,1,1,0,1,Medical-Complex,IoT-Complex
283,9,8,17,1,1,1,1,1,1,1,1,1,0,1,1,1,1,1,1,0,1,1,0,Medical-Simple,IoT-Simple
284,7,7,14,1,1,1,1,1,0,1,0,1,0,1,1,1,1,1,0,1,0,1,0,Medical-Complex,IoT-Simple
285,10,9,19,1,1,1,1,1,1,1,1,1,1,1,1,1,1,1,1,1,0,1,1,Medical-Simple,IoT-Complex
286,10,9,19,1,1,1,1,1,1,1,1,1,1,1,1,1,1,1,1,0,1,1,1,Medical-Complex,IoT-Complex
287,7,6,13,1,1,1,0,1,0,1,1,1,0,1,1,1,1,1,0,0,0,1,0,Medical-Complex,IoT-Complex
288,4,7,11,1,0,0,0,1,1,0,0,1,0,1,1,1,1,1,0,0,0,1,1,Medical-Simple,IoT-Simple
289,6,7,13,1,1,1,1,0,1,0,0,1,0,1,1,1,1,0,1,1,0,1,0,Medical-Simple,IoT-Complex
290,8,8,16,1,1,1,1,1,0,0,1,1,1,1,1,1,1,1,0,0,1,1,1,Medical-Simple,IoT-Simple
291,9,7,16,1,1,1,1,1,1,1,1,1,0,1,1,1,1,1,1,0,0,1,0,Medical-Complex,IoT-Simple
292,5,7,12,1,0,1,1,1,0,1,0,0,0,1,1,1,1,0,0,1,1,1,0,Medical-Simple,IoT-Complex
293,9,9,18,1,1,0,1,1,1,1,1,1,1,1,1,1,1,1,0,1,1,1,1,Medical-Complex,IoT-Complex
294,10,10,20,1,1,1,1,1,1,1,1,1,1,1,1,1,1,1,1,1,1,1,1,Medical-Complex,IoT-Simple
295,9,10,19,1,1,1,1,1,1,1,1,1,0,1,1,1,1,1,1,1,1,1,1,Medical-Complex,IoT-Complex
296,7,6,13,1,1,1,1,1,1,1,0,0,0,1,1,0,1,1,1,0,1,0,0,Medical-Complex,IoT-Simple
297,10,10,20,1,1,1,1,1,1,1,1,1,1,1,1,1,1,1,1,1,1,1,1,Medical-Simple,IoT-Simple
298,10,7,17,1,1,1,1,1,1,1,1,1,1,1,1,0,1,1,1,1,0,0,1,Medical-Complex,IoT-Complex
299,10,8,18,1,1,1,1,1,1,1,1,1,1,1,1,1,0,1,1,0,1,1,1,Medical-Complex,IoT-Complex
300,6,8,14,1,1,0,0,1,1,0,1,0,1,1,1,0,0,1,1,1,1,1,1,Medical-Simple,IoT-Simple
301,10,10,20,1,1,1,1,1,1,1,1,1,1,1,1,1,1,1,1,1,1,1,1,Medical-Simple,IoT-Simple
302,5,6,11,0,0,0,1,0,1,1,1,0,1,0,0,0,1,1,1,1,0,1,1,Medical-Simple,IoT-Simple
303,8,9,17,1,1,1,1,1,1,1,0,1,0,1,1,1,1,1,1,1,1,1,0,Medical-Simple,IoT-Simple
304,9,6,15,1,1,0,1,1,1,1,1,1,1,1,1,0,1,0,1,0,1,1,0,Medical-Simple,IoT-Complex
305,9,9,18,1,1,1,1,1,0,1,1,1,1,1,1,1,1,1,1,1,0,1,1,Medical-Complex,IoT-Complex
306,9,8,17,1,1,1,1,1,1,1,1,1,0,1,1,1,1,1,0,1,1,1,0,Medical-Complex,IoT-Simple
307,9,6,15,1,1,1,1,1,1,1,0,1,1,1,0,0,0,1,1,1,0,1,1,Medical-Complex,IoT-Complex
308,7,7,14,1,1,1,1,1,0,1,0,1,0,1,0,1,1,1,0,1,0,1,1,Medical-Complex,IoT-Simple
309,10,10,20,1,1,1,1,1,1,1,1,1,1,1,1,1,1,1,1,1,1,1,1,Medical-Complex,IoT-Complex
310,5,4,9,0,1,1,1,1,0,0,1,0,0,1,0,1,1,1,0,0,0,0,0,Medical-Simple,IoT-Complex
311,10,10,20,1,1,1,1,1,1,1,1,1,1,1,1,1,1,1,1,1,1,1,1,Medical-Simple,IoT-Simple
312,7,8,15,0,0,1,1,1,0,1,1,1,1,1,1,1,1,1,1,0,0,1,1,Medical-Complex,IoT-Complex
313,8,7,15,1,1,0,0,1,1,1,1,1,1,1,1,0,0,1,0,1,1,1,1,Medical-Simple,IoT-Complex
314,6,9,15,1,1,1,0,0,1,1,0,1,0,1,1,1,1,1,1,1,0,1,1,Medical-Simple,IoT-Complex
315,6,6,12,1,1,1,1,0,0,0,1,1,0,1,1,1,1,0,0,1,0,1,0,Medical-Simple,IoT-Complex
316,10,8,18,1,1,1,1,1,1,1,1,1,1,1,1,1,1,1,1,1,0,1,0,Medical-Complex,IoT-Simple
317,10,10,20,1,1,1,1,1,1,1,1,1,1,1,1,1,1,1,1,1,1,1,1,Medical-Simple,IoT-Complex
318,6,7,13,1,1,0,0,0,1,0,1,1,1,1,1,0,1,1,1,1,0,1,0,Medical-Simple,IoT-Complex
319,5,6,11,1,1,1,1,0,0,0,0,1,0,1,1,1,1,0,1,0,0,1,0,Medical-Complex,IoT-Simple
320,7,7,14,1,1,1,1,1,1,0,0,1,0,1,1,1,1,1,1,0,0,1,0,Medical-Simple,IoT-Simple
321,7,6,13,1,1,1,1,1,0,0,1,1,0,1,1,1,1,1,0,0,0,1,0,Medical-Simple,IoT-Complex
322,9,7,16,1,1,0,1,1,1,1,1,1,1,1,1,1,1,1,0,1,0,1,0,Medical-Simple,IoT-Complex
323,6,8,14,1,0,1,0,1,1,0,0,1,1,1,1,1,0,1,1,1,1,0,1,Medical-Simple,IoT-Complex
324,6,6,12,1,1,1,1,0,0,0,1,1,0,1,1,1,1,0,0,0,1,1,0,Medical-Complex,IoT-Complex
325,8,8,16,1,1,1,1,1,1,1,1,0,0,1,1,1,1,1,1,0,1,1,0,Medical-Complex,IoT-Complex
326,8,8,16,1,1,1,1,1,1,1,0,0,1,1,1,1,1,1,0,1,0,1,1,Medical-Complex,IoT-Simple
327,6,6,12,1,1,1,1,1,0,0,0,1,0,1,1,1,1,1,0,0,0,1,0,Medical-Simple,IoT-Simple
328,8,7,15,1,1,0,1,1,1,1,1,1,0,1,1,0,1,1,0,0,1,1,1,Medical-Complex,IoT-Complex
329,9,8,17,1,1,1,1,1,1,1,1,1,0,1,1,1,1,1,1,1,0,1,0,Medical-Complex,IoT-Simple
330,8,9,17,1,1,1,1,1,1,0,1,1,0,1,1,1,1,1,1,1,1,1,0,Medical-Complex,IoT-Simple
331,8,7,15,1,1,1,1,1,1,1,0,1,0,1,1,1,1,0,1,1,0,1,0,Medical-Complex,IoT-Simple
332,8,7,15,1,1,1,0,1,1,1,1,1,0,1,1,1,0,1,1,0,0,1,1,Medical-Simple,IoT-Simple
333,7,8,15,1,1,1,1,1,1,1,0,0,0,1,1,1,1,1,1,0,1,1,0,Medical-Complex,IoT-Simple
334,9,10,19,1,1,1,1,1,1,1,1,1,0,1,1,1,1,1,1,1,1,1,1,Medical-Simple,IoT-Complex
335,6,8,14,1,1,0,1,0,1,0,1,1,0,1,1,1,1,1,1,0,0,1,1,Medical-Complex,IoT-Simple
336,6,7,13,1,1,0,0,1,1,1,0,1,0,1,1,0,0,1,1,1,0,1,1,Medical-Complex,IoT-Complex
337,10,10,20,1,1,1,1,1,1,1,1,1,1,1,1,1,1,1,1,1,1,1,1,Medical-Complex,IoT-Complex
338,8,6,14,1,1,1,1,1,1,0,0,1,1,1,0,0,1,1,1,1,1,0,0,Medical-Simple,IoT-Simple
339,10,9,19,1,1,1,1,1,1,1,1,1,1,1,1,1,1,1,1,1,0,1,1,Medical-Complex,IoT-Simple
340,9,8,17,1,1,0,1,1,1,1,1,1,1,1,1,0,0,1,1,1,1,1,1,Medical-Complex,IoT-Complex
341,7,8,15,0,0,1,1,1,1,1,0,1,1,1,1,1,1,1,1,1,0,1,0,Medical-Simple,IoT-Simple
342,8,6,14,1,1,1,1,1,0,1,1,1,0,1,1,1,1,0,0,0,1,1,0,Medical-Complex,IoT-Complex
343,9,6,15,1,1,1,1,1,1,0,1,1,1,1,1,1,1,1,1,0,0,0,0,Medical-Complex,IoT-Simple
344,6,7,13,1,1,1,0,0,0,1,0,1,1,1,1,1,1,1,0,0,0,1,1,Medical-Simple,IoT-Complex
345,9,9,18,1,1,1,1,1,1,1,1,0,1,1,1,1,1,1,1,1,0,1,1,Medical-Simple,IoT-Complex
346,7,7,14,1,1,0,0,1,1,1,0,1,1,1,1,0,0,1,0,1,1,1,1,Medical-Simple,IoT-Complex
347,8,6,14,1,1,1,1,0,1,1,1,1,0,1,1,1,1,0,0,0,1,1,0,Medical-Simple,IoT-Complex
348,7,7,14,1,1,1,1,0,1,1,1,0,0,1,1,1,1,0,1,1,0,1,0,Medical-Complex,IoT-Complex
349,7,5,12,1,1,1,0,1,1,1,0,0,1,1,1,0,0,1,1,0,0,0,1,Medical-Simple,IoT-Simple
350,10,9,19,1,1,1,1,1,1,1,1,1,1,1,0,1,1,1,1,1,1,1,1,Medical-Simple,IoT-Complex
351,7,9,16,1,0,1,1,1,1,0,1,1,0,1,1,1,1,1,1,1,1,1,0,Medical-Complex,IoT-Simple
352,10,9,19,1,1,1,1,1,1,1,1,1,1,1,1,0,1,1,1,1,1,1,1,Medical-Simple,IoT-Simple
353,5,7,12,1,1,1,1,0,0,0,0,1,0,1,1,1,1,1,0,1,1,0,0,Medical-Simple,IoT-Simple
354,9,9,18,1,1,1,1,1,1,1,0,1,1,1,1,1,1,1,1,0,1,1,1,Medical-Complex,IoT-Complex
355,4,4,8,1,1,0,0,1,0,0,0,1,0,1,1,0,0,0,0,0,1,1,0,Medical-Simple,IoT-Complex
356,6,6,12,1,1,0,0,1,1,0,0,1,1,1,1,0,1,1,1,0,0,1,0,Medical-Simple,IoT-Complex
357,9,9,18,1,1,1,1,1,1,1,1,1,0,1,1,1,1,1,1,1,1,1,0,Medical-Complex,IoT-Simple
358,7,5,12,1,1,0,0,1,1,1,1,0,1,1,0,0,0,1,1,1,0,0,1,Medical-Complex,IoT-Complex
359,8,7,15,1,1,1,1,1,1,0,0,1,1,1,1,1,1,1,1,0,0,1,0,Medical-Complex,IoT-Complex
360,6,4,10,1,1,1,1,1,0,0,1,0,0,1,1,1,1,0,0,0,0,0,0,Medical-Simple,IoT-Simple
361,9,8,17,1,1,1,1,1,1,1,0,1,1,1,1,1,1,1,1,1,0,1,0,Medical-Simple,IoT-Simple
362,6,6,12,1,1,1,1,1,0,0,0,1,0,1,1,1,1,0,0,0,1,1,0,Medical-Simple,IoT-Simple
363,7,6,13,1,1,0,0,1,1,1,1,0,1,1,1,0,0,1,1,0,1,0,1,Medical-Simple,IoT-Simple
364,7,5,12,1,0,0,1,1,1,1,1,0,1,0,0,0,0,1,1,1,1,0,1,Medical-Complex,IoT-Simple
365,8,7,15,1,1,0,1,1,1,1,0,1,1,1,1,0,0,1,1,0,1,1,1,Medical-Simple,IoT-Complex
366,10,9,19,1,1,1,1,1,1,1,1,1,1,1,1,1,1,1,1,0,1,1,1,Medical-Complex,IoT-Complex
367,8,9,17,1,1,1,1,1,0,1,1,1,0,1,1,1,1,1,0,1,1,1,1,Medical-Complex,IoT-Simple
368,10,9,19,1,1,1,1,1,1,1,1,1,1,1,1,1,1,1,1,1,1,0,1,Medical-Complex,IoT-Simple
369,8,6,14,1,1,1,1,1,0,1,1,1,0,1,1,1,1,0,1,0,0,1,0,Medical-Complex,IoT-Complex
370,7,7,14,1,1,1,1,1,1,0,0,1,0,1,1,1,1,1,1,0,0,1,0,Medical-Simple,IoT-Simple
371,8,7,15,1,1,1,1,1,0,0,1,1,1,1,1,0,0,1,1,0,1,1,1,Medical-Simple,IoT-Complex
372,10,10,20,1,1,1,1,1,1,1,1,1,1,1,1,1,1,1,1,1,1,1,1,Medical-Complex,IoT-Complex
373,7,9,16,1,1,1,1,0,1,1,0,1,0,1,1,1,1,1,1,1,0,1,1,Medical-Complex,IoT-Complex
374,7,5,12,1,1,1,1,0,1,0,1,1,0,1,1,1,1,0,0,0,0,1,0,Medical-Simple,IoT-Simple
375,10,10,20,1,1,1,1,1,1,1,1,1,1,1,1,1,1,1,1,1,1,1,1,Medical-Complex,IoT-Complex
376,5,9,14,1,1,0,0,1,1,0,0,1,0,1,1,0,1,1,1,1,1,1,1,Medical-Simple,IoT-Simple
377,9,10,19,1,1,1,1,1,1,0,1,1,1,1,1,1,1,1,1,1,1,1,1,Medical-Simple,IoT-Simple
378,10,10,20,1,1,1,1,1,1,1,1,1,1,1,1,1,1,1,1,1,1,1,1,Medical-Complex,IoT-Simple
379,10,10,20,1,1,1,1,1,1,1,1,1,1,1,1,1,1,1,1,1,1,1,1,Medical-Simple,IoT-Complex
380,7,6,13,1,1,0,0,1,1,0,1,1,1,1,1,1,0,1,0,0,0,1,1,Medical-Simple,IoT-Simple
381,7,8,15,1,1,1,1,0,1,0,1,1,0,1,1,1,1,1,1,1,0,1,0,Medical-Simple,IoT-Complex
382,8,6,14,1,1,1,1,0,1,1,1,1,0,1,1,0,1,0,1,0,1,1,0,Medical-Complex,IoT-Simple
383,8,8,16,0,1,1,1,1,1,1,1,0,1,1,1,1,1,1,0,1,0,1,1,Medical-Simple,IoT-Simple
384,8,8,16,1,1,1,1,1,1,1,0,1,0,1,1,1,1,1,1,1,0,1,0,Medical-Simple,IoT-Simple
385,8,7,15,1,1,1,1,1,0,1,1,1,0,1,0,1,1,1,1,1,0,1,0,Medical-Simple,IoT-Complex
386,7,8,15,1,1,0,1,1,1,1,0,0,1,1,1,0,1,1,1,1,0,1,1,Medical-Simple,IoT-Complex
387,8,7,15,1,1,1,0,1,1,1,1,0,1,1,1,1,0,1,1,1,0,0,1,Medical-Complex,IoT-Complex
388,9,9,18,1,1,1,0,1,1,1,1,1,1,1,1,1,0,1,1,1,1,1,1,Medical-Complex,IoT-Simple
389,10,9,19,1,1,1,1,1,1,1,1,1,1,1,0,1,1,1,1,1,1,1,1,Medical-Complex,IoT-Simple
390,6,4,10,0,1,1,0,1,1,1,1,0,0,0,1,1,1,0,1,0,0,0,0,Medical-Complex,IoT-Simple
391,10,10,20,1,1,1,1,1,1,1,1,1,1,1,1,1,1,1,1,1,1,1,1,Medical-Complex,IoT-Simple
392,6,4,10,1,1,0,0,0,1,1,0,1,1,1,0,1,0,1,0,0,0,1,0,Medical-Complex,IoT-Complex
393,8,8,16,1,1,0,0,1,1,1,1,1,1,1,0,1,1,1,1,1,0,1,1,Medical-Complex,IoT-Simple
394,8,8,16,1,1,1,0,1,1,0,1,1,1,1,1,1,0,1,1,0,1,1,1,Medical-Simple,IoT-Complex
395,8,8,16,1,1,1,1,1,1,1,0,1,0,1,1,1,1,1,1,1,0,1,0,Medical-Simple,IoT-Simple
396,8,8,16,1,1,1,1,1,1,0,1,1,0,1,1,1,1,1,1,1,0,1,0,Medical-Complex,IoT-Simple
397,7,7,14,1,1,0,1,1,1,0,0,1,1,1,1,1,1,1,1,0,0,1,0,Medical-Simple,IoT-Simple
398,8,7,15,1,1,1,1,1,1,1,0,1,0,1,1,1,1,0,1,1,0,1,0,Medical-Simple,IoT-Simple
399,8,8,16,1,1,1,1,1,1,0,1,1,0,1,1,1,1,1,1,0,1,1,0,Medical-Simple,IoT-Simple
400,10,8,18,1,1,1,1,1,1,1,1,1,1,1,1,1,1,1,1,1,0,1,0,Medical-Complex,IoT-Simple
401,10,9,19,1,1,1,1,1,1,1,1,1,1,1,1,1,1,0,1,1,1,1,1,Medical-Simple,IoT-Complex
402,7,7,14,1,1,1,1,1,1,0,0,1,0,1,1,0,1,1,1,0,1,1,0,Medical-Simple,IoT-Complex
403,5,5,10,0,0,0,0,1,1,1,1,0,1,0,0,0,0,1,1,1,1,0,1,Medical-Complex,IoT-Complex
404,9,9,18,1,1,1,1,1,1,0,1,1,1,1,1,1,1,1,1,0,1,1,1,Medical-Simple,IoT-Complex
405,8,8,16,1,1,1,1,1,1,0,1,1,0,1,1,1,1,1,1,1,0,1,0,Medical-Complex,IoT-Simple
406,9,9,18,1,1,1,1,1,1,1,1,1,0,1,1,1,1,1,1,1,1,1,0,Medical-Simple,IoT-Complex
407,8,9,17,1,1,1,1,1,1,0,0,1,1,1,1,1,1,1,1,1,0,1,1,Medical-Simple,IoT-Complex
408,10,10,20,1,1,1,1,1,1,1,1,1,1,1,1,1,1,1,1,1,1,1,1,Medical-Complex,IoT-Simple
409,9,8,17,1,1,1,1,1,1,1,1,1,0,1,1,1,1,1,0,1,1,1,0,Medical-Complex,IoT-Simple
410,5,4,9,0,0,0,0,1,1,1,1,0,1,0,0,0,0,1,1,1,0,0,1,Medical-Complex,IoT-Complex
411,8,7,15,1,1,1,1,1,0,1,1,1,0,1,1,1,1,1,1,0,1,0,0,Medical-Simple,IoT-Complex
412,10,10,20,1,1,1,1,1,1,1,1,1,1,1,1,1,1,1,1,1,1,1,1,Medical-Simple,IoT-Complex
413,9,9,18,1,1,1,0,1,1,1,1,1,1,1,1,1,0,1,1,1,1,1,1,Medical-Complex,IoT-Simple
414,9,9,18,1,1,1,1,1,1,0,1,1,1,1,1,1,1,1,1,0,1,1,1,Medical-Complex,IoT-Simple
415,7,6,13,0,1,1,0,1,1,1,0,1,1,0,1,1,0,1,0,1,0,1,1,Medical-Complex,IoT-Simple
416,9,10,19,1,1,1,1,1,1,1,0,1,1,1,1,1,1,1,1,1,1,1,1,Medical-Simple,IoT-Complex
417,8,7,15,1,1,1,1,1,1,0,1,1,0,1,1,1,1,0,1,0,1,1,0,Medical-Simple,IoT-Complex
418,8,6,14,1,1,1,1,0,1,1,1,1,0,1,1,1,1,0,1,0,0,1,0,Medical-Complex,IoT-Complex
419,8,6,14,1,1,1,1,1,1,0,1,1,0,1,1,1,1,0,1,0,1,0,0,Medical-Simple,IoT-Simple
420,9,8,17,1,1,0,1,1,1,1,1,1,1,1,1,1,1,1,1,1,0,1,0,Medical-Complex,IoT-Simple
421,7,6,13,1,1,1,1,1,0,0,1,1,0,1,1,1,1,1,0,0,0,1,0,Medical-Complex,IoT-Complex
422,10,9,19,1,1,1,1,1,1,1,1,1,1,1,1,1,1,1,1,1,0,1,1,Medical-Complex,IoT-Simple
423,10,10,20,1,1,1,1,1,1,1,1,1,1,1,1,1,1,1,1,1,1,1,1,Medical-Complex,IoT-Complex
424,8,8,16,1,1,1,1,1,1,1,0,1,0,1,1,1,1,1,1,1,0,1,0,Medical-Complex,IoT-Complex
425,9,9,18,1,1,1,1,1,1,1,1,1,0,1,1,1,1,1,1,1,1,1,0,Medical-Simple,IoT-Simple
426,7,6,13,1,1,0,0,1,1,1,1,0,1,1,0,0,0,1,1,1,1,0,1,Medical-Complex,IoT-Simple
427,9,8,17,1,1,1,1,1,1,1,1,1,0,1,1,1,1,1,0,1,1,1,0,Medical-Complex,IoT-Simple
428,10,10,20,1,1,1,1,1,1,1,1,1,1,1,1,1,1,1,1,1,1,1,1,Medical-Complex,IoT-Complex
429,5,6,11,1,1,0,1,0,1,0,0,1,0,1,1,1,0,1,1,0,0,1,0,Medical-Simple,IoT-Simple
430,4,5,9,1,0,0,0,1,1,0,0,0,1,1,1,0,1,1,0,0,0,1,0,Medical-Simple,IoT-Complex
431,10,10,20,1,1,1,1,1,1,1,1,1,1,1,1,1,1,1,1,1,1,1,1,Medical-Simple,IoT-Complex
432,10,10,20,1,1,1,1,1,1,1,1,1,1,1,1,1,1,1,1,1,1,1,1,Medical-Complex,IoT-Complex
433,7,8,15,1,1,1,1,0,1,0,1,1,0,1,1,1,1,1,1,0,1,1,0,Medical-Simple,IoT-Complex
434,9,6,15,1,1,1,0,1,1,1,1,1,1,1,1,0,0,1,1,1,0,0,1,Medical-Complex,IoT-Simple
435,6,7,13,1,1,1,1,1,0,0,0,1,0,1,1,1,0,1,1,0,0,1,1,Medical-Simple,IoT-Complex
436,9,10,19,1,1,1,1,1,1,0,1,1,1,1,1,1,1,1,1,1,1,1,1,Medical-Complex,IoT-Simple
437,7,7,14,1,1,0,0,1,1,1,0,1,1,1,1,0,0,1,1,0,1,1,1,Medical-Simple,IoT-Simple
438,9,10,19,1,1,1,1,1,1,0,1,1,1,1,1,1,1,1,1,1,1,1,1,Medical-Simple,IoT-Simple
439,6,6,12,1,0,0,0,1,1,1,1,0,1,1,1,0,0,1,1,1,0,0,1,Medical-Complex,IoT-Simple
440,9,8,17,1,1,1,1,1,1,1,1,0,1,1,1,0,1,1,1,1,1,0,1,Medical-Complex,IoT-Complex
441,8,7,15,1,1,1,0,1,1,1,0,1,1,1,1,1,0,1,1,0,0,1,1,Medical-Simple,IoT-Complex
442,7,7,14,1,1,1,1,1,1,1,0,0,0,1,1,1,0,0,1,1,1,0,1,Medical-Complex,IoT-Simple
443,10,10,20,1,1,1,1,1,1,1,1,1,1,1,1,1,1,1,1,1,1,1,1,Medical-Simple,IoT-Complex
444,8,7,15,1,1,1,1,1,1,1,0,1,0,1,0,1,1,1,1,1,0,0,1,Medical-Simple,IoT-Complex
445,9,10,19,1,1,1,1,1,1,1,0,1,1,1,1,1,1,1,1,1,1,1,1,Medical-Simple,IoT-Complex
446,10,7,17,1,1,1,1,1,1,1,1,1,1,1,1,0,1,1,1,0,0,1,1,Medical-Complex,IoT-Simple
447,10,10,20,1,1,1,1,1,1,1,1,1,1,1,1,1,1,1,1,1,1,1,1,Medical-Complex,IoT-Complex
448,9,8,17,1,1,1,1,1,1,1,1,1,0,1,1,1,1,1,1,0,1,1,0,Medical-Complex,IoT-Simple
449,9,9,18,1,1,1,1,1,1,1,0,1,1,1,1,1,1,1,1,1,0,1,1,Medical-Simple,IoT-Simple
450,10,10,20,1,1,1,1,1,1,1,1,1,1,1,1,1,1,1,1,1,1,1,1,Medical-Complex,IoT-Simple
451,10,10,20,1,1,1,1,1,1,1,1,1,1,1,1,1,1,1,1,1,1,1,1,Medical-Complex,IoT-Complex
452,7,7,14,1,1,0,0,1,1,1,1,0,1,1,1,0,0,1,1,0,1,1,1,Medical-Simple,IoT-Simple
453,7,8,15,1,1,1,1,1,1,0,0,1,0,1,1,1,1,1,1,1,0,1,0,Medical-Simple,IoT-Complex
454,9,10,19,1,1,1,1,1,1,1,1,1,0,1,1,1,1,1,1,1,1,1,1,Medical-Complex,IoT-Complex
455,10,10,20,1,1,1,1,1,1,1,1,1,1,1,1,1,1,1,1,1,1,1,1,Medical-Simple,IoT-Simple
456,6,5,11,1,1,1,1,0,0,0,1,1,0,1,1,1,1,0,0,0,0,1,0,Medical-Simple,IoT-Complex
457,7,8,15,1,1,1,1,1,1,0,0,1,0,1,1,1,1,1,1,1,0,1,0,Medical-Simple,IoT-Simple
458,8,6,14,1,1,1,1,0,1,0,1,1,1,1,1,1,1,0,0,0,1,1,0,Medical-Simple,IoT-Complex
459,6,7,13,1,1,1,1,0,0,0,1,1,0,1,1,1,1,0,1,0,1,1,0,Medical-Complex,IoT-Simple
460,9,8,17,1,1,1,1,1,1,1,1,1,0,1,1,1,1,1,1,0,1,1,0,Medical-Complex,IoT-Simple
461,9,10,19,1,1,1,1,1,1,1,1,1,0,1,1,1,1,1,1,1,1,1,1,Medical-Complex,IoT-Complex
462,7,7,14,1,1,0,1,1,1,1,0,1,0,1,1,1,1,0,1,1,0,1,0,Medical-Simple,IoT-Simple
463,7,9,16,1,1,1,1,0,1,0,1,1,0,1,1,1,1,1,1,0,1,1,1,Medical-Complex,IoT-Complex
464,8,9,17,1,1,1,1,1,1,1,0,1,0,1,1,1,1,1,1,1,1,1,0,Medical-Simple,IoT-Simple
465,7,8,15,1,1,0,0,1,1,1,1,0,1,1,1,0,0,1,1,1,1,1,1,Medical-Simple,IoT-Simple
466,7,7,14,1,1,0,1,1,1,1,0,0,1,1,1,0,1,1,1,1,0,0,1,Medical-Complex,IoT-Simple
467,10,9,19,1,1,1,1,1,1,1,1,1,1,1,0,1,1,1,1,1,1,1,1,Medical-Simple,IoT-Complex
468,8,7,15,1,1,1,1,1,1,1,0,1,0,1,1,1,1,1,1,0,0,1,0,Medical-Complex,IoT-Complex
469,7,7,14,1,1,0,1,1,1,0,0,1,1,1,1,0,1,1,1,0,0,1,1,Medical-Simple,IoT-Simple
